agno,mes,pmen,tmax,tmin,estacion,fecha,etp,bal
1965,2,0,28.9,16.3,Cogotí,1965-02-01,169.6888094713881,-169.6888094713881
1965,3,0,25.9,13.7,Cogotí,1965-03-01,168.07155718638094,-168.07155718638094
1965,4,2,23.3,11.3,Cogotí,1965-04-01,152.8450694366049,-150.8450694366049
1965,5,38,21.4,8.4,Cogotí,1965-05-01,122.46746275071985,-84.46746275071985
1965,6,2.4,21.9,8.4,Cogotí,1965-06-01,119.6575654294213,-117.25756542942129
1965,7,153.5,17,5.8,Cogotí,1965-07-01,73.51250559493123,79.98749440506877
1965,8,161.5,16,6,Cogotí,1965-08-01,55.210678746583014,106.28932125341699
1965,9,0,19.4,6.9,Cogotí,1965-09-01,55.31193293891482,-55.31193293891482
1965,10,0,22.8,9.4,Cogotí,1965-10-01,68.72187268192779,-68.72187268192779
1965,11,1.2,24.6,11.3,Cogotí,1965-11-01,90.31463972501984,-89.11463972501984
1965,12,0,27.8,14,Cogotí,1965-12-01,124.47614012015732,-124.47614012015732
1966,1,0,27.2,13.6,Cogotí,1966-01-01,152.85947052421864,-152.85947052421864
1966,2,0,26.8,12.7,Cogotí,1966-02-01,166.84225947679425,-166.84225947679425
1966,3,0,25.9,12,Cogotí,1966-03-01,175.34412012686977,-175.34412012686977
1966,4,8,23.5,10.6,Cogotí,1966-04-01,157.34441485090244,-149.34441485090244
1966,5,0,23.7,9.1,Cogotí,1966-05-01,135.73874373510736,-135.73874373510736
1966,6,126.6,15.2,5.6,Cogotí,1966-06-01,86.35800164271672,40.24199835728328
1966,7,88.5,17.6,6.9,Cogotí,1966-07-01,73.9444746645158,14.555525335484205
1966,8,15.2,17.7,5.3,Cogotí,1966-08-01,62.54737119781552,-47.34737119781552
1966,9,0,20.1,6.5,Cogotí,1966-09-01,57.973967004486695,-57.973967004486695
1966,10,0,23.5,9.4,Cogotí,1966-10-01,71.22181227946346,-71.22181227946346
1966,11,0,23.8,10.7,Cogotí,1966-11-01,87.87795811407597,-87.87795811407597
1966,12,0,25.7,12.2,Cogotí,1966-12-01,116.91219981821435,-116.91219981821435
1967,1,0,27.6,13.8,Cogotí,1967-01-01,155.1885968903299,-155.1885968903299
1967,2,0,27.3,14,Cogotí,1967-02-01,165.9238169000038,-165.9238169000038
1967,3,0,25.6,12.2,Cogotí,1967-03-01,171.92733328208757,-171.92733328208757
1967,4,0,26.2,10.6,Cogotí,1967-04-01,179.73165102833661,-179.73165102833661
1967,5,0,20.1,7.7,Cogotí,1967-05-01,115.95017176372116,-115.95017176372116
1967,6,18,19,4.7,Cogotí,1967-06-01,110.8180683120037,-92.8180683120037
1967,7,74,16.5,4.3,Cogotí,1967-07-01,74.09661807770787,-0.09661807770787334
1967,8,4,20.9,6.8,Cogotí,1967-08-01,72.04666281673717,-68.04666281673717
1967,9,40,17.8,5.2,Cogotí,1967-09-01,52.572189988244716,-12.572189988244716
1967,10,8,23.6,9.5,Cogotí,1967-10-01,71.42975917662979,-63.42975917662979
1967,11,0,24.8,10.7,Cogotí,1967-11-01,92.47097751302208,-92.47097751302208
1967,12,0,25.8,12.4,Cogotí,1967-12-01,116.95380880712187,-116.95380880712187
1968,1,0,27,13.8,Cogotí,1968-01-01,150.59476057747585,-150.59476057747585
1968,2,0,28.1,13.7,Cogotí,1968-02-01,173.77159047259457,-173.77159047259457
1968,3,0,25.6,11.9,Cogotí,1968-03-01,173.13071733240614,-173.13071733240614
1968,4,0,23.5,8.6,Cogotí,1968-04-01,164.25004654688584,-164.25004654688584
1968,5,0,21.2,6.8,Cogotí,1968-05-01,125.34576278343408,-125.34576278343408
1968,6,37,16.6,4.4,Cogotí,1968-06-01,97.69767084216396,-60.69767084216396
1968,7,0,19.5,4.9,Cogotí,1968-07-01,86.23171931614655,-86.23171931614655
1968,8,7.5,20.3,5.9,Cogotí,1968-08-01,71.08374888622562,-63.58374888622562
1968,9,8.5,21.3,6.7,Cogotí,1968-09-01,61.419563219957254,-52.919563219957254
1968,10,0,21.4,7.7,Cogotí,1968-10-01,66.30976011235143,-66.30976011235143
1968,11,0,24.5,10.9,Cogotí,1968-11-01,90.68889169535393,-90.68889169535393
1968,12,0,27,13.2,Cogotí,1968-12-01,121.90298993679492,-121.90298993679492
1969,1,0,27.1,14.2,Cogotí,1969-01-01,149.84792487695677,-149.84792487695677
1969,2,0,27.2,13.4,Cogotí,1969-02-01,167.47542319830706,-167.47542319830706
1969,3,0,24.7,11.4,Cogotí,1969-03-01,167.31752973448056,-167.31752973448056
1969,4,9,23.1,9.2,Cogotí,1969-04-01,159.11124457512997,-150.11124457512997
1969,5,0,21.4,7.4,Cogotí,1969-05-01,125.14721260916583,-125.14721260916583
1969,6,13,17.2,6,Cogotí,1969-06-01,97.24654956764974,-84.24654956764974
1969,7,0,20.6,6,Cogotí,1969-07-01,89.39354902440526,-89.39354902440526
1969,8,13,20.3,6.3,Cogotí,1969-08-01,70.54317547704358,-57.543175477043576
1969,9,0,23.6,8.5,Cogotí,1969-09-01,66.48907980693546,-66.48907980693546
1969,10,0,24.2,9.1,Cogotí,1969-10-01,74.13453845480379,-74.13453845480379
1969,11,0,24.2,10.1,Cogotí,1969-11-01,90.91028590942678,-90.91028590942678
1969,12,0,25.7,12,Cogotí,1969-12-01,117.45455590863183,-117.45455590863183
1970,1,0,26.4,13.3,Cogotí,1970-01-01,147.86322090645533,-147.86322090645533
1970,2,0,27,13.7,Cogotí,1970-02-01,164.62922274993875,-164.62922274993875
1970,3,0,26.1,12.5,Cogotí,1970-03-01,175.0934207023743,-175.0934207023743
1970,4,0,25,9.8,Cogotí,1970-04-01,172.5115397700079,-172.5115397700079
1970,5,22,19.4,7.3,Cogotí,1970-05-01,112.55169187039749,-90.55169187039749
1970,6,0,17.9,3.5,Cogotí,1970-06-01,106.89169535613459,-106.89169535613459
1970,7,36.5,17.3,4.5,Cogotí,1970-07-01,77.24248625178726,-40.742486251787255
1970,8,10.5,20,6.1,Cogotí,1970-08-01,69.72574560089856,-59.22574560089856
1970,9,0,22.1,7.6,Cogotí,1970-09-01,62.844946741269744,-62.844946741269744
1970,10,13,22.1,8.6,Cogotí,1970-10-01,67.45176296647651,-54.45176296647651
1970,11,0,24,10.2,Cogotí,1970-11-01,89.80928882762785,-89.80928882762785
1970,12,0,25.8,12.2,Cogotí,1970-12-01,117.50406131216607,-117.50406131216607
1971,1,3,26.5,13.3,Cogotí,1971-01-01,148.62362496782302,-145.62362496782302
1971,2,0,25.6,12.4,Cogotí,1971-02-01,158.20541682096479,-158.20541682096479
1971,3,0,24.1,10.6,Cogotí,1971-03-01,165.27938081165956,-165.27938081165956
1971,4,0,22.7,8.3,Cogotí,1971-04-01,158.8470572488852,-158.8470572488852
1971,5,0,23,8.2,Cogotí,1971-05-01,133.46844972206554,-133.46844972206554
1971,6,33,16.1,5,Cogotí,1971-06-01,93.35388836005531,-60.35388836005531
1971,7,22,19.1,6.5,Cogotí,1971-07-01,81.71016015259985,-59.710160152599855
1971,8,16,17.8,5.4,Cogotí,1971-08-01,62.76084345446336,-46.76084345446336
1971,9,31,19.3,6.3,Cogotí,1971-09-01,55.76943933399615,-24.769439333996147
1971,10,0,22.5,7.4,Cogotí,1971-10-01,70.47623031625032,-70.47623031625032
1971,11,0,25,10.4,Cogotí,1971-11-01,93.96390738688925,-93.96390738688925
1971,12,0,25.2,11.5,Cogotí,1971-12-01,115.85217451833672,-115.85217451833672
1972,1,0,26.7,14,Cogotí,1972-01-01,147.52170957259216,-147.52170957259216
1972,2,0,28,14.3,Cogotí,1972-02-01,170.59029122339084,-170.59029122339084
1972,3,0,25.9,11.2,Cogotí,1972-03-01,178.3567483839361,-178.3567483839361
1972,4,0,22.1,7.5,Cogotí,1972-04-01,156.58412220614798,-156.58412220614798
1972,5,3,21.4,6.9,Cogotí,1972-05-01,126.37354114403126,-123.37354114403126
1972,6,175.5,15.3,6.8,Cogotí,1972-06-01,83.13293998675363,92.36706001324637
1972,7,44,14.1,2.2,Cogotí,1972-07-01,67.34109990064977,-23.341099900649766
1972,8,128,14.8,5.7,Cogotí,1972-08-01,51.29607790796327,76.70392209203672
1972,9,19.6,16.1,6.3,Cogotí,1972-09-01,45.88959359523459,-26.289593595234585
1972,10,0,20.7,7.7,Cogotí,1972-10-01,63.894656936580404,-63.894656936580404
1972,11,0,21.9,8.5,Cogotí,1972-11-01,83.68018395875663,-83.68018395875663
1972,12,0,26.5,12.9,Cogotí,1972-12-01,119.73919291321273,-119.73919291321273
1973,1,0,26.8,13.4,Cogotí,1973-01-01,150.5397335429494,-150.5397335429494
1973,2,0,25.2,11.9,Cogotí,1973-02-01,156.86165784954844,-156.86165784954844
1973,3,0,24.4,10.8,Cogotí,1973-03-01,167.0702720448531,-167.0702720448531
1973,4,1.2,22.3,8.7,Cogotí,1973-04-01,154.37159157599785,-153.17159157599787
1973,5,6,19.9,6.6,Cogotí,1973-05-01,117.6220424694493,-111.6220424694493
1973,6,39.5,16.9,4.7,Cogotí,1973-06-01,98.73333519738125,-59.23333519738125
1973,7,28.5,15.1,4.1,Cogotí,1973-07-01,68.36223739212689,-39.862237392126886
1973,8,0,17.7,2.8,Cogotí,1973-08-01,65.63819024551094,-65.63819024551094
1973,9,0,18.1,3.8,Cogotí,1973-09-01,54.95523173662679,-54.95523173662679
1973,10,24.5,18.8,6,Cogotí,1973-10-01,59.83493395171945,-35.33493395171945
1973,11,0,22.4,9.2,Cogotí,1973-11-01,84.56341831682472,-84.56341831682472
1973,12,0,24.4,10.8,Cogotí,1973-12-01,113.03379811007284,-113.03379811007284
1974,1,0,25.6,12,Cogotí,1974-01-01,146.45697961220947,-146.45697961220947
1974,2,0,24.9,11.1,Cogotí,1974-02-01,157.36535828082393,-157.36535828082393
1974,3,0,22.8,8.6,Cogotí,1974-03-01,161.55315460962302,-161.55315460962302
1974,4,0,21.6,6.5,Cogotí,1974-04-01,155.57922522459864,-155.57922522459864
1974,5,8.6,17.1,4.6,Cogotí,1974-05-01,105.21579095634134,-96.61579095634134
1974,6,77.5,13.3,2.4,Cogotí,1974-06-01,83.69865470813518,-6.19865470813518
1974,7,0,13.8,1.4,Cogotí,1974-07-01,67.28432840528082,-67.28432840528082
1974,8,8,17.7,3,Cogotí,1974-08-01,65.42860564165322,-57.42860564165322
1974,9,13.2,19.3,5,Cogotí,1974-09-01,57.249015322155564,-44.04901532215557
1974,10,0,20.5,5.9,Cogotí,1974-10-01,65.5965517107362,-65.5965517107362
1974,11,0,23.8,9.2,Cogotí,1974-11-01,90.78766263014933,-90.78766263014933
1974,12,0.5,22.7,8.9,Cogotí,1974-12-01,108.07230770122189,-107.57230770122189
1975,1,0,23,9.6,Cogotí,1975-01-01,135.44603994233705,-135.44603994233705
1975,2,0,24,9.7,Cogotí,1975-02-01,155.04502046834642,-155.04502046834642
1975,3,0,21.1,7.4,Cogotí,1975-03-01,151.81503393990744,-151.81503393990744
1975,4,0,20,5.7,Cogotí,1975-04-01,145.69753080443562,-145.69753080443562
1975,5,55.5,18.5,4.7,Cogotí,1975-05-01,113.44573289360537,-57.94573289360537
1975,6,4.3,14.8,2.2,Cogotí,1975-06-01,92.26965148964968,-87.96965148964968
1975,7,49.5,13,1.4,Cogotí,1975-07-01,64.05283639225,-14.55283639225
1975,8,9.8,14.3,2,Cogotí,1975-08-01,55.17222725812162,-45.372227258121626
1975,9,1.2,16.2,3,Cogotí,1975-09-01,50.320008316741514,-49.12000831674151
1975,10,0,21.2,6.1,Cogotí,1975-10-01,67.67870056323885,-67.67870056323885
1975,11,0,22.1,8.3,Cogotí,1975-11-01,84.9199579172412,-84.9199579172412
1975,12,0,23.7,10.2,Cogotí,1975-12-01,110.54963112062444,-110.54963112062444
1976,1,1.5,24.5,11.6,Cogotí,1976-01-01,139.71516532740964,-138.21516532740964
1976,2,0,25.1,11,Cogotí,1976-02-01,159.28881497318443,-159.28881497318443
1976,3,0,22.6,8.3,Cogotí,1976-03-01,160.91114750960853,-160.91114750960853
1976,4,0,22.1,6.8,Cogotí,1976-04-01,158.57295833499234,-158.57295833499234
1976,5,50,18.7,4.8,Cogotí,1976-05-01,114.43692430731582,-64.43692430731582
1976,6,0,17.1,2.9,Cogotí,1976-06-01,103.53968211987393,-103.53968211987393
1976,7,1.8,16.8,2.7,Cogotí,1976-07-01,77.82166569301727,-76.02166569301727
1976,8,30,14.9,2.4,Cogotí,1976-08-01,56.69062975061447,-26.69062975061447
1976,9,0,17.5,3.8,Cogotí,1976-09-01,53.228684132538945,-53.228684132538945
1976,10,45,21.8,9.8,Cogotí,1976-10-01,64.45740075556337,-19.45740075556337
1976,11,6.5,24.7,11.9,Cogotí,1976-11-01,89.46815344515801,-82.96815344515801
1976,12,0,28.1,13.8,Cogotí,1976-12-01,126.87478817425536,-126.87478817425536
1977,1,0,28.8,15,Cogotí,1977-01-01,160.02564406613237,-160.02564406613237
1977,2,0,28.3,14.2,Cogotí,1977-02-01,173.5070634505677,-173.5070634505677
1977,3,0,26.3,12.7,Cogotí,1977-03-01,176.0373205444356,-176.0373205444356
1977,4,0,24.9,10.8,Cogotí,1977-04-01,168.27623423042976,-168.27623423042976
1977,5,1,24.2,9,Cogotí,1977-05-01,139.30975487860056,-138.30975487860056
1977,6,40,20.7,6.7,Cogotí,1977-06-01,116.49101539851836,-76.49101539851836
1977,7,175.5,14.9,4.8,Cogotí,1977-07-01,66.10361117496626,109.39638882503374
1977,8,40.5,17.6,6.6,Cogotí,1977-08-01,60.11711481418717,-19.61711481418717
1977,9,0,21.8,8.8,Cogotí,1977-09-01,60.325766076969686,-60.325766076969686
1977,10,19,22.5,10,Cogotí,1977-10-01,66.66762915433088,-47.66762915433088
1977,11,0,27.9,13.3,Cogotí,1977-11-01,101.63983221567739,-101.63983221567739
1977,12,0,26.8,13.3,Cogotí,1977-12-01,120.41161260188879,-120.41161260188879
1978,1,0,27.7,14,Cogotí,1978-01-01,155.22773326144338,-155.22773326144338
1978,2,0,26.9,13.5,Cogotí,1978-02-01,164.59724463107233,-164.59724463107233
1978,3,0,25.4,11.9,Cogotí,1978-03-01,171.39213173783756,-171.39213173783756
1978,4,0,23.1,9.5,Cogotí,1978-04-01,158.08021840064646,-158.08021840064646
1978,5,0,23.4,9.5,Cogotí,1978-05-01,132.63839788580597,-132.63839788580597
1978,6,0.5,18.9,6.8,Cogotí,1978-06-01,105.3758335945052,-104.8758335945052
1978,7,134,18.5,8.7,Cogotí,1978-07-01,73.94555086299145,60.05444913700855
1978,8,0,19.5,6.3,Cogotí,1978-08-01,67.61700643403677,-67.61700643403677
1978,9,47,21.4,8.8,Cogotí,1978-09-01,59.031571693285,-12.031571693285002
1978,10,0,26.1,11.8,Cogotí,1978-10-01,76.96056552534873,-76.96056552534873
1978,11,32,25.6,12.9,Cogotí,1978-11-01,91.46319328777446,-59.46319328777446
1978,12,0,27.2,14,Cogotí,1978-12-01,120.79634521371756,-120.79634521371756
1979,1,0,28.3,14.4,Cogotí,1979-01-01,158.37940255257845,-158.37940255257845
1979,2,0,27.2,13.9,Cogotí,1979-02-01,165.49228551664876,-165.49228551664876
1979,3,0,26.6,13.1,Cogotí,1979-03-01,177.03467105430963,-177.03467105430963
1979,4,2,23.9,11.2,Cogotí,1979-04-01,158.3598102465249,-156.3598102465249
1979,5,0.8,24.8,10.8,Cogotí,1979-05-01,138.36151456168645,-137.56151456168644
1979,6,0,19.1,5.2,Cogotí,1979-06-01,110.36264134706964,-110.36264134706964
1979,7,13,21.2,7.3,Cogotí,1979-07-01,89.88863730665558,-76.88863730665558
1979,8,1,23.5,9.1,Cogotí,1979-08-01,78.44517271910335,-77.44517271910335
1979,9,10.5,23.1,9,Cogotí,1979-09-01,64.24974452670612,-53.749744526706124
1979,10,4,25.6,11,Cogotí,1979-10-01,76.38824247605085,-72.38824247605085
1979,11,0,25.6,12.2,Cogotí,1979-11-01,93.06250761473845,-93.06250761473845
1979,12,0,27.8,14.5,Cogotí,1979-12-01,122.98974104189358,-122.98974104189358
1980,1,0,28.5,15.1,Cogotí,1980-01-01,157.2921754169075,-157.2921754169075
1980,2,3,28.6,15.6,Cogotí,1980-02-01,170.22805494801958,-167.22805494801958
1980,3,0,28.6,15.4,Cogotí,1980-03-01,185.05315815327373,-185.05315815327373
1980,4,111.2,22.8,12.6,Cogotí,1980-04-01,142.52207379653078,-31.322073796530773
1980,5,0,21.3,10.2,Cogotí,1980-05-01,116.10617166212037,-116.10617166212037
1980,6,20.2,19.4,7.4,Cogotí,1980-06-01,106.8225832750634,-86.62258327506339
1980,7,99.5,18.4,7,Cogotí,1980-07-01,77.46787224901985,22.032127750980152
1980,8,15,19.8,7.7,Cogotí,1980-08-01,66.530784927089,-51.530784927089
1980,9,36.9,20.9,7.6,Cogotí,1980-09-01,59.08225056527593,-22.18225056527593
1980,10,0,24,10.6,Cogotí,1980-10-01,71.15450534323496,-71.15450534323496
1980,11,0,25.9,12.1,Cogotí,1980-11-01,94.69861973801443,-94.69861973801443
1980,12,0,27.4,14.5,Cogotí,1980-12-01,120.50419520247972,-120.50419520247972
1981,1,0,28.5,15.2,Cogotí,1981-01-01,156.9020240207677,-156.9020240207677
1981,2,0,29,16,Cogotí,1981-02-01,171.93460186479166,-171.93460186479166
1981,3,0,27.1,14,Cogotí,1981-03-01,177.63456617838216,-177.63456617838216
1981,4,0,26.3,12.2,Cogotí,1981-04-01,174.8845575943176,-174.8845575943176
1981,5,56.2,21.9,11.3,Cogotí,1981-05-01,116.33560875136186,-60.13560875136186
1981,6,20,20.3,7.2,Cogotí,1981-06-01,112.8633327936747,-92.8633327936747
1981,7,14.2,17.8,6,Cogotí,1981-07-01,76.74795560271403,-62.547955602714026
1981,8,12.1,20,7.3,Cogotí,1981-08-01,67.94431253558166,-55.84431253558166
1981,9,12.1,23.3,8.9,Cogotí,1981-09-01,65.02556284724253,-52.925562847242524
1981,10,0,21.6,7.3,Cogotí,1981-10-01,67.53682280795908,-67.53682280795908
1981,11,0,22.9,10.2,Cogotí,1981-11-01,84.79785936396902,-84.79785936396902
1981,12,0,26.2,11.5,Cogotí,1981-12-01,121.66572571374653,-121.66572571374653
1982,1,0,25.6,12.6,Cogotí,1982-01-01,144.3635576563489,-144.3635576563489
1982,2,0,26.4,13.3,Cogotí,1982-02-01,161.2453478086421,-161.2453478086421
1982,3,4.7,25.6,12.4,Cogotí,1982-03-01,171.10442763920787,-166.40442763920788
1982,4,0,21.7,7.6,Cogotí,1982-04-01,153.17149511297185,-153.17149511297185
1982,5,30.3,18.2,6,Cogotí,1982-05-01,108.48067908108112,-78.18067908108112
1982,6,39.5,14.1,6,Cogotí,1982-06-01,78.34036093864077,-38.84036093864077
1982,7,68,15.5,5.3,Cogotí,1982-07-01,67.75144416079092,0.2485558392090752
1982,8,44,20.9,8.6,Cogotí,1982-08-01,69.20447002897335,-25.204470028973347
1982,9,3.5,19.5,8.9,Cogotí,1982-09-01,52.663059570085714,-49.163059570085714
1982,10,0.8,23.3,9.4,Cogotí,1982-10-01,70.50842219389195,-69.70842219389195
1982,11,0,25.3,11.8,Cogotí,1982-11-01,92.51828775446486,-92.51828775446486
1982,12,0,26.8,14.3,Cogotí,1982-12-01,117.39672439471697,-117.39672439471697
1983,1,0,27.2,15.1,Cogotí,1983-01-01,147.01433406156906,-147.01433406156906
1983,2,0,28.9,16.3,Cogotí,1983-02-01,169.6888094713881,-169.6888094713881
1983,3,0,27.4,14.5,Cogotí,1983-03-01,178.11193653263854,-178.11193653263854
1983,4,0,25.6,12.4,Cogotí,1983-04-01,168.06933370524104,-168.06933370524104
1983,5,21.2,20.3,9.5,Cogotí,1983-05-01,111.62485864305589,-90.42485864305588
1983,6,29.9,16.5,6.3,Cogotí,1983-06-01,92.17237891660803,-62.27237891660803
1983,7,158,16.4,5.9,Cogotí,1983-07-01,70.56877527236249,87.43122472763751
1983,8,47.5,17.4,6.9,Cogotí,1983-08-01,58.83314635694399,-11.333146356943992
1983,9,0.9,21.5,9.4,Cogotí,1983-09-01,58.463863351472355,-57.56386335147236
1983,10,0,25,9.8,Cogotí,1983-10-01,75.99890686831085,-75.99890686831085
1983,11,0,25.4,10.4,Cogotí,1983-11-01,95.77896348895159,-95.77896348895159
1983,12,0,26,12.3,Cogotí,1983-12-01,118.41598474280889,-118.41598474280889
1984,1,0,28.6,13.8,Cogotí,1984-01-01,162.8002241718373,-162.8002241718373
1984,2,0,27.6,12.8,Cogotí,1984-02-01,172.9820419275063,-172.9820419275063
1984,3,0,26.2,12.7,Cogotí,1984-03-01,175.15382461548558,-175.15382461548558
1984,4,0,24.7,11.1,Cogotí,1984-04-01,165.49747204994364,-165.49747204994364
1984,5,7.5,20,8.1,Cogotí,1984-05-01,114.12589828526146,-106.62589828526146
1984,6,3,16.8,6.3,Cogotí,1984-06-01,93.99843312100917,-90.99843312100917
1984,7,346.5,17.1,7.7,Cogotí,1984-07-01,69.65306510365022,276.8469348963498
1984,8,3,19.4,7.8,Cogotí,1984-08-01,64.83197340800682,-61.83197340800682
1984,9,1.5,20.9,9.6,Cogotí,1984-09-01,56.15828820854209,-54.65828820854209
1984,10,0,24.9,12,Cogotí,1984-10-01,72.10174145482658,-72.10174145482658
1984,11,0.9,25,12,Cogotí,1984-11-01,90.66394000766118,-89.76394000766118
1984,12,0,27.1,14.4,Cogotí,1984-12-01,118.9492881806473,-118.9492881806473
1985,1,0,27.2,15.8,Cogotí,1985-01-01,143.9807759915132,-143.9807759915132
1985,2,0,28.5,15.7,Cogotí,1985-02-01,168.91353292091839,-168.91353292091839
1985,3,8.4,25.4,15,Cogotí,1985-03-01,156.82912877097982,-148.42912877097982
1985,4,0,24.3,11.2,Cogotí,1985-04-01,161.74428594136725,-161.74428594136725
1985,5,2.5,22.4,9.7,Cogotí,1985-05-01,125.30310272459519,-122.80310272459519
1985,6,1,20.8,8.5,Cogotí,1985-06-01,112.48254034750059,-111.48254034750059
1985,7,42.5,17.2,6.7,Cogotí,1985-07-01,72.51886232652105,-30.018862326521045
1985,8,6.5,18.8,6.7,Cogotí,1985-08-01,64.42204372496258,-57.92204372496258
1985,9,0,21.5,8.8,Cogotí,1985-09-01,59.35542994866016,-59.35542994866016
1985,10,0.8,23.3,11.1,Cogotí,1985-10-01,67.7003397046811,-66.9003397046811
1985,11,0,24.1,12,Cogotí,1985-11-01,86.38495917872757,-86.38495917872757
1985,12,0,26.8,13.7,Cogotí,1985-12-01,119.24108346740493,-119.24108346740493
1986,1,0,28,14.9,Cogotí,1986-01-01,154.14691688123162,-154.14691688123162
1986,2,0,27.1,14.6,Cogotí,1986-02-01,161.69294449014677,-161.69294449014677
1986,3,0,27.2,13.3,Cogotí,1986-03-01,181.5467692742148,-181.5467692742148
1986,4,0,24.9,10.6,Cogotí,1986-04-01,168.9901213734971,-168.9901213734971
1986,5,55.5,21.6,9.9,Cogotí,1986-05-01,119.20287961596519,-63.70287961596519
1986,6,5.5,17.9,7.8,Cogotí,1986-06-01,96.27400191788267,-90.77400191788267
1986,7,1.4,21.6,7.2,Cogotí,1986-07-01,91.91925175317009,-90.51925175317008
1986,8,18,20.1,8,Cogotí,1986-08-01,67.16340728772694,-49.16340728772694
1986,9,2,22.4,8.1,Cogotí,1986-09-01,63.17462291810488,-61.17462291810488
1986,10,0,24.3,11.6,Cogotí,1986-10-01,70.55386257110021,-70.55386257110021
1986,11,0,25.1,12.3,Cogotí,1986-11-01,90.45949032543678,-90.45949032543678
1986,12,0,29,14.6,Cogotí,1986-12-01,130.11040735369397,-130.11040735369397
1987,1,0,28.9,14.5,Cogotí,1987-01-01,162.6439359206062,-162.6439359206062
1987,2,0,29.5,15.7,Cogotí,1987-02-01,177.58548811579016,-177.58548811579016
1987,3,0,26,14.3,Cogotí,1987-03-01,166.12353906933046,-166.12353906933046
1987,4,2.3,25.8,11.5,Cogotí,1987-04-01,173.26835229434516,-170.96835229434515
1987,5,22.3,19.1,8,Cogotí,1987-05-01,108.49265220886657,-86.19265220886658
1987,6,29.8,22.5,8.4,Cogotí,1987-06-01,123.40110970076793,-93.60110970076794
1987,7,325.8,16,8.4,Cogotí,1987-07-01,62.2153306456432,263.58466935435683
1987,8,96.3,19,9.7,Cogotí,1987-08-01,59.436475719159525,36.86352428084047
1987,9,3.7,21.3,10.1,Cogotí,1987-09-01,56.67049344365253,-52.97049344365253
1987,10,2.8,23.5,11,Cogotí,1987-10-01,68.62556246282811,-65.82556246282812
1987,11,0,26.7,13.1,Cogotí,1987-11-01,96.3090483637984,-96.3090483637984
1987,12,0,27.8,14.3,Cogotí,1987-12-01,123.59289695068372,-123.59289695068372
1988,1,0,27.1,13.8,Cogotí,1988-01-01,151.3619777753938,-151.3619777753938
1988,2,0,28,14.2,Cogotí,1988-02-01,170.99196751743165,-170.99196751743165
1988,3,0,27.7,13.7,Cogotí,1988-03-01,184.3534251640093,-184.3534251640093
1988,4,0,25.2,11,Cogotí,1988-04-01,170.0561391310642,-170.0561391310642
1988,5,0.8,21.8,9.4,Cogotí,1988-05-01,122.16831977628665,-121.36831977628665
1988,6,14,20.2,7.3,Cogotí,1988-06-01,111.99846692377525,-97.99846692377525
1988,7,0.3,17.4,5.3,Cogotí,1988-07-01,76.27823000686848,-75.97823000686849
1988,8,9.5,20.6,6.6,Cogotí,1988-08-01,71.22365626942664,-61.72365626942664
1988,9,4.3,20.3,6.6,Cogotí,1988-09-01,58.46735954804365,-54.167359548043656
1988,10,0,25.6,11.4,Cogotí,1988-10-01,75.7519270686031,-75.7519270686031
1988,11,0,25.6,12,Cogotí,1988-11-01,93.49897002957617,-93.49897002957617
1988,12,0,26.4,12.6,Cogotí,1988-12-01,119.97312729927309,-119.97312729927309
1989,1,0,27.2,14.4,Cogotí,1989-01-01,149.8483010403907,-149.8483010403907
1989,2,0,28.4,15,Cogotí,1989-02-01,171.09450428756202,-171.09450428756202
1989,3,0,26.5,12.4,Cogotí,1989-03-01,179.00381914233108,-179.00381914233108
1989,4,1.7,23.5,10.1,Cogotí,1989-04-01,159.21434409700748,-157.5143440970075
1989,5,16.9,21.5,7.5,Cogotí,1989-05-01,125.53586854894583,-108.63586854894584
1989,6,0,20.6,6.8,Cogotí,1989-06-01,115.65594358958886,-115.65594358958886
1989,7,43.5,18.6,5.8,Cogotí,1989-07-01,80.74127482765218,-37.24127482765218
1989,8,54.5,19.5,8,Cogotí,1989-08-01,64.86028942417236,-10.360289424172365
1989,9,0,19.4,7,Cogotí,1989-09-01,55.17923970653424,-55.17923970653424
1989,10,0,24.4,9.6,Cogotí,1989-10-01,74.14006967561117,-74.14006967561117
1989,11,0,25.4,11.2,Cogotí,1989-11-01,94.23400760730323,-94.23400760730323
1989,12,0,28,13.6,Cogotí,1989-12-01,126.82479100637848,-126.82479100637848
1990,1,0,28.7,14.3,Cogotí,1990-01-01,161.82042232100818,-161.82042232100818
1990,2,0,27.8,13.8,Cogotí,1990-02-01,170.89835702109613,-170.89835702109613
1990,3,0,26.6,12.7,Cogotí,1990-03-01,178.68400812928638,-178.68400812928638
1990,4,0,22.8,10.1,Cogotí,1990-04-01,153.43206509033885,-153.43206509033885
1990,5,0,23.3,8.4,Cogotí,1990-05-01,134.9209822542253,-134.9209822542253
1990,6,13,23.2,8.4,Cogotí,1990-06-01,127.75796758418062,-114.75796758418062
1990,7,21.6,19.4,7,Cogotí,1990-07-01,82.11866852613012,-60.51866852613012
1990,8,6.8,22,6.8,Cogotí,1990-08-01,76.10413676360575,-69.30413676360575
1990,9,6.1,22.3,8.5,Cogotí,1990-09-01,62.34201031936239,-56.242010319362386
1990,10,2,22.6,8.5,Cogotí,1990-10-01,69.35029020496663,-67.35029020496663
1990,11,0,25.4,10.8,Cogotí,1990-11-01,95.02265563913589,-95.02265563913589
1990,12,0,28,13.7,Cogotí,1990-12-01,126.54736936606375,-126.54736936606375
1991,1,0,28.7,14.5,Cogotí,1991-01-01,161.1016275136031,-161.1016275136031
1991,2,0,28.1,13.9,Cogotí,1991-02-01,173.00651695423224,-173.00651695423224
1991,3,0,26.3,13.5,Cogotí,1991-03-01,172.61272097719225,-172.61272097719225
1991,4,0,24.5,11.3,Cogotí,1991-04-01,163.04552209992133,-163.04552209992133
1991,5,25.8,23.6,10.1,Cogotí,1991-05-01,132.24261080270782,-106.44261080270782
1991,6,177.1,18.8,8.1,Cogotí,1991-06-01,101.03219063971054,76.06780936028946
1991,7,31.5,17.8,7.7,Cogotí,1991-07-01,73.03672048445641,-41.53672048445641
1991,8,0,17.7,7.2,Cogotí,1991-08-01,59.42246000993509,-59.42246000993509
1991,9,13.5,22.9,10.6,Cogotí,1991-09-01,61.24967424011181,-47.74967424011181
1991,10,0,23.2,9.2,Cogotí,1991-10-01,70.45078280389689,-70.45078280389689
1991,11,0,25.9,10.9,Cogotí,1991-11-01,97.12040555462318,-97.12040555462318
1991,12,0.7,26.2,13.4,Cogotí,1991-12-01,116.4738508581503,-115.7738508581503
1992,1,0,28.7,14.6,Cogotí,1992-01-01,160.7370885795678,-160.7370885795678
1992,2,0,27.8,14.3,Cogotí,1992-02-01,168.90576479610712,-168.90576479610712
1992,3,26.5,26,14,Cogotí,1992-03-01,167.57486817914094,-141.07486817914094
1992,4,9.8,23.3,11.4,Cogotí,1992-04-01,152.42370156443425,-142.62370156443424
1992,5,32,20.3,9.5,Cogotí,1992-05-01,111.62485864305589,-79.62485864305589
1992,6,186.2,15.6,7.3,Cogotí,1992-06-01,83.28806565233216,102.91193434766782
1992,7,0,17.3,6.5,Cogotí,1992-07-01,73.42394072417848,-73.42394072417848
1992,8,101.5,19.6,6.4,Cogotí,1992-08-01,67.8372572693268,33.6627427306732
1992,9,1.2,19.8,8.1,Cogotí,1992-09-01,54.89589073530267,-53.69589073530267
1992,10,0,25.9,11.3,Cogotí,1992-10-01,77.02304781518701,-77.02304781518701
1992,11,1.8,24.3,11.3,Cogotí,1992-11-01,88.9155995667421,-87.1155995667421
1992,12,0,27,13.3,Cogotí,1992-12-01,121.62074752339913,-121.62074752339913
1993,1,0,29.1,16.4,Cogotí,1993-01-01,156.8022365181812,-156.8022365181812
1993,2,0,27.8,16.1,Cogotí,1993-02-01,160.88539787983078,-160.88539787983078
1993,3,0,27.4,14.7,Cogotí,1993-03-01,177.18189701408969,-177.18189701408969
1993,4,37,24.6,13.7,Cogotí,1993-04-01,153.3491544875791,-116.34915448757911
1993,5,78,20.4,9.3,Cogotí,1993-05-01,112.99155006760745,-34.99155006760745
1993,6,0,20.8,7.6,Cogotí,1993-06-01,114.90920053669677,-114.90920053669677
1993,7,26,19.2,5.8,Cogotí,1993-07-01,83.43809698652355,-57.43809698652355
1993,8,6,22.3,7.8,Cogotí,1993-08-01,75.83155706515575,-69.83155706515575
1993,9,0,21.7,7.8,Cogotí,1993-09-01,61.34251373500692,-61.34251373500692
1993,10,0,24.4,9.9,Cogotí,1993-10-01,73.70111689797383,-73.70111689797383
1993,11,0,26.8,13.2,Cogotí,1993-11-01,96.56451003054585,-96.56451003054585
1993,12,0,27.6,13.8,Cogotí,1993-12-01,123.83285257431672,-123.83285257431672
1994,2,0,27.8,13.8,Cogotí,1994-02-01,156.7151044056743,-156.7151044056743
1994,3,0,26,12.5,Cogotí,1994-03-01,161.08001507582415,-161.08001507582415
1994,4,0,26.4,11.9,Cogotí,1994-04-01,180.06317655891104,-180.06317655891104
1994,5,7.5,23.3,9.5,Cogotí,1994-05-01,159.7053052982191,-152.2053052982191
1994,6,27.5,21.7,8.3,Cogotí,1994-06-01,124.71753954698426,-97.21753954698426
1994,7,10.8,19.2,7.1,Cogotí,1994-07-01,106.40724469004685,-95.60724469004685
1994,8,0,21.3,8.7,Cogotí,1994-08-01,87.58474683023775,-87.58474683023775
1994,9,0,25.7,12.1,Cogotí,1994-09-01,82.0476444097789,-82.0476444097789
1994,10,0,25,10.7,Cogotí,1994-10-01,68.14448735341723,-68.14448735341723
1994,11,0,27.1,12.4,Cogotí,1994-11-01,79.72811511969826,-79.72811511969826
1994,12,0,29,14.9,Cogotí,1994-12-01,103.39581873818923,-103.39581873818923
1995,1,8.5,28.8,15,Cogotí,1995-01-01,127.69257784936039,-119.19257784936039
1995,2,0,27.4,13.8,Cogotí,1995-02-01,153.65978188821975,-153.65978188821975
1995,3,0,27.3,13.9,Cogotí,1995-03-01,166.32984720613626,-166.32984720613626
1995,4,9,26.1,12.9,Cogotí,1995-04-01,173.42921605821886,-164.42921605821886
1995,5,0,25,9.9,Cogotí,1995-05-01,172.18736857667506,-172.18736857667506
1995,6,8,24,8.9,Cogotí,1995-06-01,138.24528908545756,-130.24528908545756
1995,7,27.2,18.3,5.3,Cogotí,1995-07-01,105.48270210791084,-78.28270210791084
1995,8,8.8,20.8,6.9,Cogotí,1995-08-01,88.76678223886583,-79.96678223886583
1995,9,2.7,21.8,9.8,Cogotí,1995-09-01,70.56031305090733,-67.86031305090732
1995,10,0,25.6,11.4,Cogotí,1995-10-01,69.14391610093683,-69.14391610093683
1995,11,0,25.7,11.3,Cogotí,1995-11-01,76.2835260612265,-76.2835260612265
1995,12,0,26.6,12.6,Cogotí,1995-12-01,96.93752055274365,-96.93752055274365
1996,1,0,28.1,14,Cogotí,1996-01-01,126.3095488871271,-126.3095488871271
1996,2,0,28.3,13.4,Cogotí,1996-02-01,161.8833437519194,-161.8833437519194
1996,3,0,27.5,12.7,Cogotí,1996-03-01,172.52682602769707,-172.52682602769707
1996,4,6.7,24.2,9.6,Cogotí,1996-04-01,169.68066839454494,-162.98066839454495
1996,5,0,23.5,4.1,Cogotí,1996-05-01,174.9611568708657,-174.9611568708657
1996,6,2.5,19.9,6,Cogotí,1996-06-01,119.0841090507601,-116.5841090507601
1996,7,37,21.4,7.1,Cogotí,1996-07-01,119.78816490386909,-82.78816490386909
1996,8,9.5,19.6,6.3,Cogotí,1996-08-01,84.3607249698141,-74.8607249698141
1996,9,0,23.5,7.7,Cogotí,1996-09-01,80.48326917492109,-80.48326917492109
1996,10,0,24.4,9,Cogotí,1996-10-01,68.43568699250147,-68.43568699250147
1996,11,0,27.6,12.9,Cogotí,1996-11-01,80.7897411532495,-80.7897411532495
1996,12,0,27.4,12.8,Cogotí,1996-12-01,100.31639690036909,-100.31639690036909
1997,1,0,29.2,15.2,Cogotí,1997-01-01,129.58645631583244,-129.58645631583244
1997,2,0,29.3,15,Cogotí,1997-02-01,163.92467685910177,-163.92467685910177
1997,3,0,27.1,13.8,Cogotí,1997-03-01,165.06075413329376,-165.06075413329376
1997,4,0,26,11.2,Cogotí,1997-04-01,179.20854133664758,-179.20854133664758
1997,5,3.8,23.3,10.6,Cogotí,1997-05-01,155.6719492522416,-151.8719492522416
1997,6,255.6,17.6,8.7,Cogotí,1997-06-01,95.9084667596773,159.6915332403227
1997,7,17,19.6,7.6,Cogotí,1997-07-01,107.50734342426254,-90.50734342426254
1997,8,211.2,21.4,8.3,Cogotí,1997-08-01,88.89722332085162,122.30277667914837
1997,9,4.4,21.2,8.9,Cogotí,1997-09-01,69.84229924583025,-65.44229924583024
1997,10,45.4,21.7,9.2,Cogotí,1997-10-01,59.42235121870495,-14.022351218704948
1997,11,0,25.8,11.8,Cogotí,1997-11-01,75.83819560654781,-75.83819560654781
1997,12,0,27.3,13.7,Cogotí,1997-12-01,97.84181836428324,-97.84181836428324
1998,1,0,30.4,15.7,Cogotí,1998-01-01,135.60831911068334,-135.60831911068334
1998,2,0,27.4,14.5,Cogotí,1998-02-01,151.01708944036602,-151.01708944036602
1998,3,0,27.9,14.3,Cogotí,1998-03-01,169.7483730673909,-169.7483730673909
1998,4,4.8,22.9,11.7,Cogotí,1998-04-01,150.32893868428823,-145.52893868428822
1998,5,4.8,23.6,9.5,Cogotí,1998-05-01,162.1399339639625,-157.3399339639625
1998,6,7,20.2,7.7,Cogotí,1998-06-01,116.60039660955803,-109.60039660955803
1998,7,0.8,20.6,6,Cogotí,1998-07-01,117.45044757781054,-116.65044757781054
1998,8,0,22,6.2,Cogotí,1998-08-01,95.38686802760671,-95.38686802760671
1998,9,0,22,7.4,Cogotí,1998-09-01,75.2818680891337,-75.2818680891337
1998,10,0,25.2,10.1,Cogotí,1998-10-01,69.63184281110374,-69.63184281110374
1998,11,0,26.3,11.1,Cogotí,1998-11-01,78.80568467878825,-78.80568467878825
1998,12,0,28.2,13.4,Cogotí,1998-12-01,102.866615163814,-102.866615163814
1999,1,0,27,13.5,Cogotí,1999-01-01,121.04786947164776,-121.04786947164776
1999,2,0,28.7,14.4,Cogotí,1999-02-01,161.46272927173104,-161.46272927173104
1999,3,3,27.4,12.7,Cogotí,1999-03-01,171.71613952546218,-168.71613952546218
1999,4,0.5,25.6,10.5,Cogotí,1999-04-01,178.280604185509,-177.780604185509
1999,5,12,22.5,8.4,Cogotí,1999-05-01,156.9476798923363,-144.9476798923363
1999,6,12.5,19.6,7,Cogotí,1999-06-01,114.66924501356056,-102.16924501356056
1999,7,0,18.9,5.2,Cogotí,1999-07-01,109.19995973738246,-109.19995973738246
1999,8,38.2,20.3,6.8,Cogotí,1999-08-01,86.6510425018996,-48.45104250189959
1999,9,46.8,19.8,7.9,Cogotí,1999-09-01,66.18777678183507,-19.387776781835072
1999,10,14.5,22.9,9.7,Cogotí,1999-10-01,62.624535897842534,-48.124535897842534
1999,11,0,26.5,12.1,Cogotí,1999-11-01,77.96470569893948,-77.96470569893948
1999,12,0,28.2,13.9,Cogotí,1999-12-01,101.76895828475512,-101.76895828475512
2000,1,0,29,14.7,Cogotí,2000-01-01,129.82155744798,-129.82155744798
2000,2,0,29.3,15.3,Cogotí,2000-02-01,162.80506960278598,-162.80506960278598
2000,3,0,28,14,Cogotí,2000-03-01,171.78384073623133,-171.78384073623133
2000,4,0.4,24.9,11.1,Cogotí,2000-04-01,170.19587634821832,-169.79587634821831
2000,5,14.8,21.2,8.3,Cogotí,2000-05-01,146.96013496117283,-132.16013496117282
2000,6,138.4,17.7,7.6,Cogotí,2000-06-01,100.51925829340854,37.880741706591465
2000,7,15.4,19.9,6.8,Cogotí,2000-07-01,111.43241890722555,-96.03241890722555
2000,8,0,21.6,7.8,Cogotí,2000-08-01,90.82225211120237,-90.82225211120237
2000,9,87.9,20.8,8.3,Cogotí,2000-09-01,69.33617665150767,18.563823348492335
2000,10,0,24.7,11.6,Cogotí,2000-10-01,65.77149572127875,-65.77149572127875
2000,11,0,26.6,13.6,Cogotí,2000-11-01,75.67523430926244,-75.67523430926244
2000,12,0,28.5,14.7,Cogotí,2000-12-01,101.38928308906983,-101.38928308906983
2001,1,0,29.1,14.8,Cogotí,2001-01-01,130.1489762561716,-130.1489762561716
2001,2,0,29.3,15.3,Cogotí,2001-02-01,162.80506960278598,-162.80506960278598
2001,3,2.6,27.4,14.5,Cogotí,2001-03-01,164.68465222508578,-162.0846522250858
2001,4,0.9,23.7,10.5,Cogotí,2001-04-01,162.2702316469662,-161.3702316469662
2001,5,28.8,20.2,8.1,Cogotí,2001-05-01,139.70670237767945,-110.90670237767945
2001,6,0,21.1,6.6,Cogotí,2001-06-01,125.18693512389953,-125.18693512389953
2001,7,135.5,19.3,7.2,Cogotí,2001-07-01,106.75104838856075,28.748951611439253
2001,8,38.5,19.8,7.4,Cogotí,2001-08-01,83.17826424904794,-44.67826424904794
2001,9,17.2,18.7,6.8,Cogotí,2001-09-01,63.88741171200826,-46.687411712008256
2001,10,4,24.6,11.2,Cogotí,2001-10-01,66.05775213406048,-62.05775213406048
2001,11,0,26.1,10.9,Cogotí,2001-11-01,78.37387270794558,-78.37387270794558
2001,12,0,28,14,Cogotí,2001-12-01,100.56619779268588,-100.56619779268588
2002,1,0,27.9,15.8,Cogotí,2002-01-01,119.41846415680477,-119.41846415680477
2002,2,0,28.7,13.9,Cogotí,2002-02-01,163.21766064407274,-163.21766064407274
2002,3,0,28.5,15.9,Cogotí,2002-03-01,168.00872224889912,-168.00872224889912
2002,4,7.6,23.6,12,Cogotí,2002-04-01,155.16917681058376,-147.56917681058377
2002,5,101.2,20.5,10,Cogotí,2002-05-01,134.6231683483353,-33.423168348335295
2002,6,103.5,18.3,6.9,Cogotí,2002-06-01,106.61720686870574,-3.117206868705736
2002,7,101.1,19.3,7,Cogotí,2002-07-01,107.28303925285495,-6.183039252854954
2002,8,53.7,20.3,8.6,Cogotí,2002-08-01,82.98355051705276,-29.28355051705276
2002,9,0,22.7,9.6,Cogotí,2002-09-01,74.49138086433017,-74.49138086433017
2002,10,0,25.9,11,Cogotí,2002-10-01,70.73010794874122,-70.73010794874122
2002,11,0,27,11.9,Cogotí,2002-11-01,80.1599871535977,-80.1599871535977
2002,12,0,27.3,12.8,Cogotí,2002-12-01,99.84036778176367,-99.84036778176367
2003,1,0,29.3,14.2,Cogotí,2003-01-01,133.0670613635781,-133.0670613635781
2003,2,0,28.4,14.2,Cogotí,2003-02-01,159.87496537517455,-159.87496537517455
2003,3,0,28,12.7,Cogotí,2003-03-01,176.5740273826916,-176.5740273826916
2003,4,0,26.1,11.5,Cogotí,2003-04-01,178.97154072738743,-178.97154072738743
2003,5,64.3,24.1,8.7,Cogotí,2003-05-01,168.70974171896012,-104.40974171896012
2003,6,26.2,20.9,10.2,Cogotí,2003-06-01,113.31542151180577,-87.11542151180576
2003,7,13.1,19.4,7.4,Cogotí,2003-07-01,106.8225832750634,-93.7225832750634
2003,8,6.4,21.2,7.2,Cogotí,2003-08-01,90.07066285293142,-83.67066285293141
2003,9,0,25.1,10,Cogotí,2003-09-01,83.27382055632485,-83.27382055632485
2003,10,0,26.6,10.6,Cogotí,2003-10-01,73.59775225402404,-73.59775225402404
2003,11,0,27.3,12.7,Cogotí,2003-11-01,79.98547273115572,-79.98547273115572
2003,12,0,28.8,13.1,Cogotí,2003-12-01,106.3598754877025,-106.3598754877025
2004,1,0,28.8,13.5,Cogotí,2004-01-01,131.91335985050412,-131.91335985050412
2004,2,0,28.7,13.3,Cogotí,2004-02-01,165.21581606041747,-165.21581606041747
2004,3,9,28,15.3,Cogotí,2004-03-01,166.35483697450638,-157.35483697450638
2004,4,23.3,25.3,13.1,Cogotí,2004-04-01,165.38956425255574,-142.08956425255573
2004,5,0,18.7,6.5,Cogotí,2004-05-01,133.47723236357658,-133.47723236357658
2004,6,19.4,21.9,7.1,Cogotí,2004-06-01,129.072782216249,-109.672782216249
2004,7,70.8,19.7,6.3,Cogotí,2004-07-01,111.43483513603769,-40.634835136037694
2004,8,68.9,18.9,7.1,Cogotí,2004-08-01,79.5904724768886,-10.690472476888601
2004,9,0,23.5,8.4,Cogotí,2004-09-01,79.50470845193672,-79.50470845193672
2004,10,0,25.2,10.9,Cogotí,2004-10-01,68.526784617672,-68.526784617672
2004,11,2,26.1,13,Cogotí,2004-11-01,74.86333018726785,-72.86333018726785
2004,12,0,29,15.9,Cogotí,2004-12-01,100.9154868499731,-100.9154868499731
2005,1,0,29.4,15.9,Cogotí,2005-01-01,128.68295190875568,-128.68295190875568
2005,2,0,29.4,15.4,Cogotí,2005-02-01,163.21106728259343,-163.21106728259343
2005,3,0.5,27.4,13.6,Cogotí,2005-03-01,168.35455927808817,-167.85455927808817
2005,4,0,26.6,10.7,Cogotí,2005-04-01,186.00411760955632,-186.00411760955632
2005,5,35.9,21.4,9.9,Cogotí,2005-05-01,142.59317407246866,-106.69317407246865
2005,6,3.2,21.9,10.2,Cogotí,2005-06-01,120.2687771982242,-117.0687771982242
2005,7,2.9,18.7,6.3,Cogotí,2005-07-01,105.4560087381111,-102.55600873811109
2005,8,29.7,21.8,8.9,Cogotí,2005-08-01,89.56694278609898,-59.866942786098974
2005,9,17.8,20.9,7,Cogotí,2005-09-01,71.75988404630564,-53.959884046305646
2005,10,5.5,23.8,8.6,Cogotí,2005-10-01,67.00448704847767,-61.50448704847767
2005,11,0,29,11.9,Cogotí,2005-11-01,87.59360144137251,-87.59360144137251
2005,12,0,27.4,13.4,Cogotí,2005-12-01,99.01105040413923,-99.01105040413923
2006,1,0,29.8,14.3,Cogotí,2006-01-01,135.84065888477517,-135.84065888477517
2006,2,0,29.1,14.8,Cogotí,2006-02-01,163.10402766331154,-163.10402766331154
2006,3,0,27.4,12.1,Cogotí,2006-03-01,173.79697845924164,-173.79697845924164
2006,4,0.2,25.9,9.6,Cogotí,2006-04-01,183.67915417586232,-183.47915417586233
2006,5,0.3,23.7,9.2,Cogotí,2006-05-01,163.94503584163172,-163.6450358416317
2006,6,45.5,21.6,7.9,Cogotí,2006-06-01,125.14473067841769,-79.64473067841769
2006,7,64.9,19.4,7.9,Cogotí,2006-07-01,105.41136305643123,-40.51136305643122
2006,8,0,21,7.3,Cogotí,2006-08-01,88.96117465411591,-88.96117465411591
2006,9,0,25.2,8.8,Cogotí,2006-09-01,85.43420185144636,-85.43420185144636
2006,10,8.6,25.6,10.4,Cogotí,2006-10-01,70.55178342163235,-61.95178342163235
2006,11,0,26.6,12,Cogotí,2006-11-01,78.50426027317137,-78.50426027317137
2006,12,0,28.3,14.3,Cogotí,2006-12-01,101.34377148695926,-101.34377148695926
2007,1,0,29,14.5,Cogotí,2007-01-01,130.39654773624227,-130.39654773624227
2007,2,0,28.3,13.8,Cogotí,2007-02-01,160.5219985117875,-160.5219985117875
2007,3,0.2,27.2,12.7,Cogotí,2007-03-01,170.09342340074255,-169.89342340074256
2007,4,0,25.1,10.6,Cogotí,2007-04-01,173.7280715649575,-173.7280715649575
2007,5,0.5,21.3,7.9,Cogotí,2007-05-01,149.09088869199545,-148.59088869199545
2007,6,32.7,19.5,7.2,Cogotí,2007-06-01,113.47805886788976,-80.77805886788975
2007,7,2.5,21.2,7.6,Cogotí,2007-07-01,117.36623825309105,-114.86623825309105
2007,8,21.2,18.4,5.2,Cogotí,2007-08-01,80.89991016315727,-59.69991016315727
2007,9,0,20.6,6,Cogotí,2007-09-01,72.03895684837103,-72.03895684837103
2007,10,0,24.1,8.6,Cogotí,2007-10-01,67.96099566578765,-67.96099566578765
2007,11,0,26.1,10.4,Cogotí,2007-11-01,79.1039159800429,-79.1039159800429
2007,12,0,26.2,11.8,Cogotí,2007-12-01,96.73538220698894,-96.73538220698894
2008,1,0,27.3,14.2,Cogotí,2008-01-01,120.80798338156269,-120.80798338156269
2008,2,0,27.9,14.3,Cogotí,2008-02-01,155.66056029822263,-155.66056029822263
2008,3,0,27.6,13.1,Cogotí,2008-03-01,171.89573782088289,-171.89573782088289
2008,4,0,24.2,9.4,Cogotí,2008-04-01,170.34658050131884,-170.34658050131884
2008,5,14,21.9,7.3,Cogotí,2008-05-01,155.6234834196072,-141.6234834196072
2008,6,45,19.9,6.2,Cogotí,2008-06-01,118.60875396095814,-73.60875396095814
2008,7,39.5,17.1,5.5,Cogotí,2008-07-01,97.95798493449034,-58.45798493449034
2008,8,59.7,19.8,6.8,Cogotí,2008-08-01,84.35317384603192,-24.65317384603192
2008,9,3,20.9,7.6,Cogotí,2008-09-01,70.85727605445241,-67.85727605445241
2008,10,0,25.4,9.9,Cogotí,2008-10-01,70.54809066917046,-70.54809066917046
2008,11,0,26.5,11.5,Cogotí,2008-11-01,78.9289520017828,-78.9289520017828
2008,12,0,27.9,13.5,Cogotí,2008-12-01,101.20413627633354,-101.20413627633354
2009,1,0,28.4,14.8,Cogotí,2009-01-01,125.80597868748218,-125.80597868748218
2009,2,0,29,14.3,Cogotí,2009-02-01,164.1213984133849,-164.1213984133849
2009,3,0,28.6,13.9,Cogotí,2009-03-01,177.16024434529194,-177.16024434529194
2009,4,0,26.5,11.4,Cogotí,2009-04-01,182.75626788891088,-182.75626788891088
2009,5,0.7,25,10.7,Cogotí,2009-05-01,169.46548036470247,-168.76548036470248
2009,6,59,20.8,8.3,Cogotí,2009-06-01,118.80386867147094,-59.80386867147094
2009,7,3,20.5,7.7,Cogotí,2009-07-01,112.80114994990853,-109.80114994990853
2009,8,53.3,21.8,9.2,Cogotí,2009-08-01,88.91988016606453,-35.61988016606453
2009,9,0,20.2,7.4,Cogotí,2009-09-01,68.53661736697882,-68.53661736697882
2009,10,0,25.3,10.3,Cogotí,2009-10-01,69.69454759075268,-69.69454759075268
2009,11,0,27.9,12.5,Cogotí,2009-11-01,82.58227546703361,-82.58227546703361
2009,12,0,28.9,14.8,Cogotí,2009-12-01,103.13570347092337,-103.13570347092337
2010,1,0,28.9,15.3,Cogotí,2010-01-01,127.40250125965834,-127.40250125965834
2010,2,0,27.8,13.8,Cogotí,2010-02-01,156.7151044056743,-156.7151044056743
2010,4,0,25.8,11,Cogotí,2010-04-01,164.78815573094022,-164.78815573094022
2010,5,43.8,22.9,9.9,Cogotí,2010-05-01,157.80626675279052,-114.00626675279052
2010,6,67.7,18.4,7.8,Cogotí,2010-06-01,126.4634734933387,-58.763473493338694
2010,7,19.2,17.5,6,Cogotí,2010-07-01,104.08968563631888,-84.88968563631887
2010,8,7.5,20.1,6.7,Cogotí,2010-08-01,112.88204078715506,-105.38204078715506
2010,9,14.3,23.3,9.5,Cogotí,2010-09-01,95.57295452932681,-81.27295452932681
2010,10,0,24.3,10.3,Cogotí,2010-10-01,79.61625270881767,-79.61625270881767
2010,11,7,26.1,11.8,Cogotí,2010-11-01,70.2471223068186,-63.247122306818596
2010,12,0,26.9,12.9,Cogotí,2010-12-01,78.1174856384386,-78.1174856384386
2011,1,0,28.7,15.2,Cogotí,2011-01-01,101.17199279889898,-101.17199279889898
2011,2,0,28,14.9,Cogotí,2011-02-01,123.00164326138355,-123.00164326138355
2011,4,0,25.5,11.4,Cogotí,2011-04-01,147.69884565296155,-147.69884565296155
2011,5,0,24.7,8.5,Cogotí,2011-05-01,163.83342666765768,-163.83342666765768
2011,6,188.8,18.6,8.1,Cogotí,2011-06-01,129.17520638669805,59.62479361330196
2011,7,42.8,17,7.2,Cogotí,2011-07-01,117.66245896906149,-74.86245896906149
2011,8,11.6,19.4,8.3,Cogotí,2011-08-01,109.53085940703752,-97.93085940703753
2011,9,0,24.8,10.4,Cogotí,2011-09-01,132.7707373897251,-132.7707373897251
2011,10,0.9,24.8,10.1,Cogotí,2011-10-01,101.66867213070167,-100.76867213070166
2011,11,0,26.9,11.6,Cogotí,2011-11-01,87.85460414554505,-87.85460414554505
2011,12,0,27.7,14.2,Cogotí,2011-12-01,71.96838662923264,-71.96838662923264
2012,1,0,28.6,14.4,Cogotí,2012-01-01,82.01241690898351,-82.01241690898351
2012,2,0,29.7,14.2,Cogotí,2012-02-01,108.4074850384751,-108.4074850384751
2012,3,0,29.3,13.8,Cogotí,2012-03-01,134.136259149709,-134.136259149709
2012,4,3.6,24.5,11.3,Cogotí,2012-04-01,140.73908252921174,-137.13908252921175
2012,5,6.3,24.2,9.8,Cogotí,2012-05-01,156.259724766054,-149.959724766054
2012,7,0,22,6.9,Cogotí,2012-07-01,160.37794937190137,-160.37794937190137
2012,8,26.8,19.7,6.6,Cogotí,2012-08-01,140.8153488012747,-114.0153488012747
2012,9,0,22.5,8.8,Cogotí,2012-09-01,128.60495364648457,-128.60495364648457
2012,10,0.9,23.6,9.5,Cogotí,2012-10-01,127.48355242771066,-126.58355242771066
2012,11,0,26.1,11.5,Cogotí,2012-11-01,105.20269756569878,-105.20269756569878
2012,12,0,28.4,13.3,Cogotí,2012-12-01,91.04761427162532,-91.04761427162532
2013,1,0,28.8,15.5,Cogotí,2013-01-01,73.645426211631,-73.645426211631
2013,2,0,30.2,16.7,Cogotí,2013-02-01,83.93318921167888,-83.93318921167888
2013,3,0,28.5,13.8,Cogotí,2013-03-01,103.44807571824695,-103.44807571824695
2013,4,0,25.2,10.5,Cogotí,2013-04-01,118.34606061923776,-118.34606061923776
2013,5,82.1,21.4,8.9,Cogotí,2013-05-01,126.40666087653287,-44.306660876532874
2013,6,15.3,17.6,8.9,Cogotí,2013-06-01,108.36968121775624,-93.06968121775624
2013,7,5.1,18.8,8.6,Cogotí,2013-07-01,128.74699559188213,-123.64699559188213
2013,8,3.5,21.7,9.3,Cogotí,2013-08-01,147.40383074846054,-143.90383074846054
2013,9,0,22.9,10.7,Cogotí,2013-09-01,125.53282596004702,-125.53282596004702
2013,10,0,23.6,11.8,Cogotí,2013-10-01,120.52779624561612,-120.52779624561612
2013,11,0,26.8,12.4,Cogotí,2013-11-01,106.76335452076277,-106.76335452076277
2013,12,0,27.7,15.5,Cogotí,2013-12-01,83.4270209136886,-83.4270209136886
2014,1,0,29.8,16.9,Cogotí,2014-01-01,74.7081308014638,-74.7081308014638
2014,2,0,25.9,14.3,Cogotí,2014-02-01,71.48436979133515,-71.48436979133515
2014,3,0,25.5,12.8,Cogotí,2014-03-01,91.21632906837425,-91.21632906837425
2014,4,0,22.8,10.5,Cogotí,2014-04-01,104.61100793193825,-104.61100793193825
2014,5,0,21.1,10.7,Cogotí,2014-05-01,117.92505958649781,-117.92505958649781
2014,6,64.6,16,6.4,Cogotí,2014-06-01,106.32127584015885,-41.72127584015885
2014,7,0,17.9,8,Cogotí,2014-07-01,123.81953850117311,-123.81953850117311
2014,8,3.5,20,8.7,Cogotí,2014-08-01,135.85445766370015,-132.35445766370015
2014,9,5,17.3,7.6,Cogotí,2014-09-01,97.86165083799577,-92.86165083799577
2014,10,0,22.8,10.9,Cogotí,2014-10-01,118.13935048760133,-118.13935048760133
2014,11,0,26.9,15.1,Cogotí,2014-11-01,100.26332247088564,-100.26332247088564
2014,12,0,28.8,17.3,Cogotí,2014-12-01,83.97917030039433,-83.97917030039433
2015,1,0,27.6,17,Cogotí,2015-01-01,65.99339652376368,-65.99339652376368
2015,2,0,27.8,16.3,Cogotí,2015-02-01,74.83764870303705,-74.83764870303705
2015,3,19.5,27.6,16.7,Cogotí,2015-03-01,91.3663593022604,-71.8663593022604
2015,4,0,26.2,15.2,Cogotí,2015-04-01,110.55863718762023,-110.55863718762023
2015,5,0.3,23.6,10.9,Cogotí,2015-05-01,135.53436226787298,-135.23436226787297
2015,6,0,22.3,9.2,Cogotí,2015-06-01,143.68609346560268,-143.68609346560268
2015,7,54.2,19.4,8.7,Cogotí,2015-07-01,133.3299723621509,-79.1299723621509
2015,8,108.9,18.7,7.3,Cogotí,2015-08-01,130.7244539009468,-21.824453900946793
2015,9,6.6,19.9,6.8,Cogotí,2015-09-01,117.11027218210052,-110.51027218210052
2015,10,52,22.2,8.3,Cogotí,2015-10-01,121.78581958332721,-69.78581958332721
2015,11,0,23.6,8.8,Cogotí,2015-11-01,98.3963837102789,-98.3963837102789
2015,12,0,27.3,11.7,Cogotí,2015-12-01,89.31033728608348,-89.31033728608348
2016,1,0,27.4,13,Cogotí,2016-01-01,72.89001145118631,-72.89001145118631
2016,2,0,27.9,12.8,Cogotí,2016-02-01,82.09673852106718,-82.09673852106718
2016,3,0,26.8,11.5,Cogotí,2016-03-01,100.11898666648098,-100.11898666648098
2016,4,4.6,22.1,9.5,Cogotí,2016-04-01,103.2666656787215,-98.6666656787215
2016,5,11.5,19.5,8.8,Cogotí,2016-05-01,113.40241026249936,-101.90241026249936
2016,6,38.5,20,6.2,Cogotí,2016-06-01,135.82652432618602,-97.32652432618602
2016,7,75.2,18.4,5.9,Cogotí,2016-07-01,135.5121690537237,-60.31216905372371
2016,8,0,22.5,5.8,Cogotí,2016-08-01,164.12804337069952,-164.12804337069952
2016,9,0,24.1,6.5,Cogotí,2016-09-01,144.23996861077916,-144.23996861077916
2016,10,1.8,24.2,9.3,Cogotí,2016-10-01,131.813243002819,-130.013243002819
2016,11,0,25.4,10.6,Cogotí,2016-11-01,103.60560402435247,-103.60560402435247
1968,7,0,27.5,9.3,Las Ramadas,1968-07-01,194.13237093523003,-194.13237093523003
1968,8,0,26,8.4,Las Ramadas,1968-08-01,152.51960427121662,-152.51960427121662
1970,3,0,28.9,17,Las Ramadas,1970-03-01,138.93733138152245,-138.93733138152245
1970,4,0,30.3,18.2,Las Ramadas,1970-04-01,110.03429062740378,-110.03429062740378
1970,5,28,21.7,11,Las Ramadas,1970-05-01,67.71941462907901,-39.71941462907901
1970,6,0,18.6,8.7,Las Ramadas,1970-06-01,50.01973918370942,-50.01973918370942
1970,7,65.9,18.4,8.4,Las Ramadas,1970-07-01,54.63833822567186,11.261661774328147
1970,8,14,20.9,9.4,Las Ramadas,1970-08-01,77.40350488808976,-63.403504888089756
1970,9,1,17.6,5.9,Las Ramadas,1970-09-01,87.5157100392939,-86.5157100392939
1970,10,14,15.2,3.6,Las Ramadas,1970-10-01,100.52114630770832,-86.52114630770832
1970,11,0,22.9,10.5,Las Ramadas,1970-11-01,143.7528629213754,-143.7528629213754
1970,12,0,25.3,12.1,Las Ramadas,1970-12-01,169.70955458780128,-169.70955458780128
1971,1,7,20.3,8.7,Las Ramadas,1971-01-01,138.28822778758015,-131.28822778758015
1971,2,0,24.9,12.1,Las Ramadas,1971-02-01,134.90029561908375,-134.90029561908375
1971,3,8,24.9,12.5,Las Ramadas,1971-03-01,127.03446597165197,-119.03446597165197
1971,4,0,19.3,8.7,Las Ramadas,1971-04-01,77.88420931833265,-77.88420931833265
1971,5,0,20.2,8.9,Las Ramadas,1971-05-01,65.92408417987137,-65.92408417987137
1971,6,52,14.9,6.2,Las Ramadas,1971-06-01,42.26840551709165,9.73159448290835
1971,7,13,17.6,6.7,Las Ramadas,1971-07-01,54.7586791554342,-41.7586791554342
1971,8,34,19,6.9,Las Ramadas,1971-08-01,74.09588548802994,-40.095885488029936
1971,9,24,20.3,7,Las Ramadas,1971-09-01,99.30750592471254,-75.30750592471254
1971,10,0,23,10.8,Las Ramadas,1971-10-01,131.51307243803382,-131.51307243803382
1971,11,0,25.6,12.1,Las Ramadas,1971-11-01,159.34095958242798,-159.34095958242798
1971,12,0,25.4,11.9,Las Ramadas,1971-12-01,171.39213173783756,-171.39213173783756
1972,1,0,26,13.5,Las Ramadas,1972-01-01,166.88551447933267,-166.88551447933267
1972,2,0,27.1,12.8,Las Ramadas,1972-02-01,148.28125948342063,-148.28125948342063
1972,3,0,24.6,11.3,Las Ramadas,1972-03-01,128.86047438519728,-128.86047438519728
1972,4,0,23.8,11.8,Las Ramadas,1972-04-01,92.7705184518524,-92.7705184518524
1972,5,20.5,21.3,10,Las Ramadas,1972-05-01,68.16570682586391,-47.66570682586391
1972,6,394.1,16.7,8.3,Las Ramadas,1972-06-01,44.39003089869367,349.70996910130634
1972,7,26.5,15.6,4.6,Las Ramadas,1972-07-01,51.24404855747135,-24.744048557471352
1972,8,106.5,16.6,8.6,Las Ramadas,1972-08-01,59.56276693392418,46.93723306607582
1972,9,58,17.4,7.6,Las Ramadas,1972-09-01,82.12800454459332,-24.128004544593324
1972,10,11,24.6,13.7,Las Ramadas,1972-10-01,132.36928577520652,-121.36928577520652
1973,1,0,27.8,12.4,Las Ramadas,1973-01-01,175.98924793776183,-175.98924793776183
1973,2,0,26.2,12.5,Las Ramadas,1973-02-01,175.97280845140602,-175.97280845140602
1973,3,0,27.1,8.5,Las Ramadas,1973-03-01,193.00126883130247,-193.00126883130247
1973,4,5,23.4,13,Las Ramadas,1973-04-01,120.59254535450991,-115.59254535450991
1973,5,7,22.7,12.3,Las Ramadas,1973-05-01,112.51469162752443,-105.51469162752443
1973,6,49,22.9,12.7,Las Ramadas,1973-06-01,85.53019191929633,-36.53019191929633
1973,7,62,21.4,11.3,Las Ramadas,1973-07-01,65.7933490153544,-3.7933490153543943
1973,8,0,18.8,7.3,Las Ramadas,1973-08-01,52.88192602893339,-52.88192602893339
1973,9,0,22,10.3,Las Ramadas,1973-09-01,64.30956880937883,-64.30956880937883
1973,10,11,23.9,12.1,Las Ramadas,1973-10-01,85.1883717634922,-74.1883717634922
1973,11,0,25.4,13.8,Las Ramadas,1973-11-01,110.2900164286278,-110.2900164286278
1973,12,0,25.3,13.7,Las Ramadas,1973-12-01,137.84701313520296,-137.84701313520296
1974,1,0,25.9,13.6,Las Ramadas,1974-01-01,155.82927929616338,-155.82927929616338
1974,2,0,25.9,14.7,Las Ramadas,1974-02-01,163.1775659222616,-163.1775659222616
1974,3,0,25.3,13.5,Las Ramadas,1974-03-01,160.63406051531646,-160.63406051531646
1974,4,0,25.2,8.6,Las Ramadas,1974-04-01,146.85367200980508,-146.85367200980508
1974,5,14,20.5,10.4,Las Ramadas,1974-05-01,104.44080142804566,-90.44080142804566
1974,6,91,18.9,9.3,Las Ramadas,1974-06-01,74.35251482655136,16.647485173448644
1974,7,0,20.1,9.2,Las Ramadas,1974-07-01,64.94691826959702,-64.94691826959702
1974,8,4,22.4,10.9,Las Ramadas,1974-08-01,59.05291253474085,-55.05291253474085
1974,9,22,21.1,9.1,Las Ramadas,1974-09-01,63.11453823982247,-41.11453823982247
1974,10,0,23.8,13,Las Ramadas,1974-10-01,82.40939683111404,-82.40939683111404
1974,11,0,25.4,13.9,Las Ramadas,1974-11-01,109.96040906852501,-109.96040906852501
1974,12,0,24.9,14.3,Las Ramadas,1974-12-01,132.12471656823715,-132.12471656823715
1975,1,0,26.3,13.4,Las Ramadas,1975-01-01,160.0097330651479,-160.0097330651479
1975,2,0,22.1,10.7,Las Ramadas,1975-02-01,147.77637034528865,-147.77637034528865
1975,3,2.9,23.9,12.6,Las Ramadas,1975-03-01,152.33446963534652,-149.43446963534652
1975,4,0,18.3,7.4,Las Ramadas,1975-04-01,105.11023797314282,-105.11023797314282
1975,5,42.5,22.9,12.9,Las Ramadas,1975-05-01,111.57992760859665,-69.07992760859665
1975,6,49,21.3,10.9,Las Ramadas,1975-06-01,82.24049781857394,-33.24049781857394
1975,7,29,17.5,6.8,Las Ramadas,1975-07-01,59.39081897923621,-30.390818979236208
1975,8,36,16.5,6.2,Las Ramadas,1975-08-01,47.28902362468343,-11.28902362468343
1975,9,0,19,7.8,Las Ramadas,1975-09-01,57.82378199798476,-57.82378199798476
1975,10,0,22.4,11.2,Las Ramadas,1975-10-01,80.2123790289533,-80.2123790289533
1975,11,0,23.3,12.8,Las Ramadas,1975-11-01,100.58180247848728,-100.58180247848728
1975,12,0,26.9,15.5,Las Ramadas,1975-12-01,142.88168609844826,-142.88168609844826
1976,1,4,25.9,14.6,Las Ramadas,1976-01-01,151.34931087629712,-147.34931087629712
1976,2,4,26,13.2,Las Ramadas,1976-02-01,171.23914494819604,-167.23914494819604
1976,3,0,25.1,12.8,Las Ramadas,1976-03-01,162.01812177246424,-162.01812177246424
1976,4,0,21.6,10.7,Las Ramadas,1976-04-01,116.4271640844437,-116.4271640844437
1976,5,86,18.6,8.1,Las Ramadas,1976-05-01,99.76324332945266,-13.763243329452663
1976,6,0,16.8,5.8,Las Ramadas,1976-06-01,72.60369007703987,-72.60369007703987
1976,7,3,16.3,5.9,Las Ramadas,1976-07-01,56.49956588548329,-53.49956588548329
1976,8,35.5,16.8,5.1,Las Ramadas,1976-08-01,49.7088774374788,-14.208877437478797
1976,9,0,18.8,7.8,Las Ramadas,1976-09-01,57.1215021554609,-57.1215021554609
1976,10,17,22,9.5,Las Ramadas,1976-10-01,82.16820849642912,-65.16820849642912
1976,11,0,25.4,14.6,Las Ramadas,1976-11-01,107.55714906208422,-107.55714906208422
1976,12,0,26.2,13,Las Ramadas,1976-12-01,147.44094360203135,-147.44094360203135
1977,2,0,25.9,14.2,Las Ramadas,1977-02-01,153.1952782327445,-153.1952782327445
1977,3,0,27,15.1,Las Ramadas,1977-03-01,171.51060046006538,-171.51060046006538
1977,6,43,19.2,9.1,Las Ramadas,1977-06-01,127.63954384842114,-84.63954384842114
1977,7,197,14.1,5.5,Las Ramadas,1977-07-01,84.07359130141774,112.92640869858226
1977,8,32,19.1,8,Las Ramadas,1977-08-01,103.23260670503471,-71.23260670503471
1977,9,0,24.3,11.9,Las Ramadas,1977-09-01,95.0987161318733,-95.0987161318733
1977,10,18.5,23.2,12,Las Ramadas,1977-10-01,71.81958179194781,-53.31958179194781
1977,11,0,24.2,12.7,Las Ramadas,1977-11-01,62.13840578764459,-62.13840578764459
1977,12,0,25,13.4,Las Ramadas,1977-12-01,69.78685177518206,-69.78685177518206
1978,1,0,25.4,13.3,Las Ramadas,1978-01-01,89.51746815870933,-89.51746815870933
1978,2,0,25.6,12.6,Las Ramadas,1978-02-01,115.19500472702885,-115.19500472702885
1978,3,0,20.5,9.2,Las Ramadas,1978-03-01,119.09182242813331,-119.09182242813331
1978,4,0,21.9,9.6,Las Ramadas,1978-04-01,139.2296223804602,-139.2296223804602
1978,5,0,14.5,4.4,Las Ramadas,1978-05-01,110.82906186475965,-110.82906186475965
1978,6,23,17.7,6.9,Las Ramadas,1978-06-01,124.34607103626017,-101.34607103626017
1978,7,305.4,17.9,7.2,Las Ramadas,1978-07-01,103.12213022138846,202.27786977861152
1978,8,0,19.7,7,Las Ramadas,1978-08-01,109.71797176183215,-109.71797176183215
1978,9,33,19.5,8.2,Las Ramadas,1978-09-01,80.0354329841626,-47.0354329841626
1978,10,0,23.6,11.5,Las Ramadas,1978-10-01,74.54400149516947,-74.54400149516947
1978,11,67.5,23.6,12,Las Ramadas,1978-11-01,61.28894820493299,6.211051795067007
1978,12,0,23.7,11.6,Las Ramadas,1978-12-01,68.28916663814341,-68.28916663814341
1979,1,0,26.4,13.3,Las Ramadas,1979-01-01,94.39672248202456,-94.39672248202456
1979,2,0,24.7,12.6,Las Ramadas,1979-02-01,109.78065620467929,-109.78065620467929
1979,6,0,19.3,7.1,Las Ramadas,1979-06-01,117.49006471409359,-117.49006471409359
1979,7,38,19.8,9.5,Las Ramadas,1979-07-01,123.23097326563129,-85.23097326563129
1979,8,32.5,20.5,9.1,Las Ramadas,1979-08-01,140.86285594316988,-108.36285594316988
1979,9,17,17.3,6.2,Las Ramadas,1979-09-01,123.75782514349281,-106.75782514349281
1979,10,0,19.7,7.5,Las Ramadas,1979-10-01,113.92285361692132,-113.92285361692132
1979,12,0,23.1,11.7,Las Ramadas,1979-12-01,117.46620775585642,-117.46620775585642
1980,1,0,25.7,13.9,Las Ramadas,1980-01-01,97.1623949717861,-97.1623949717861
1980,2,8,24.3,12.7,Las Ramadas,1980-02-01,74.94906479970216,-66.94906479970216
1980,4,268,22,12.8,Las Ramadas,1980-04-01,53.96842612174693,214.03157387825308
1980,5,11.5,20.6,10.6,Las Ramadas,1980-05-01,58.49104156209746,-46.99104156209746
1980,6,32.5,19.9,9.1,Las Ramadas,1980-06-01,73.53103639903266,-41.03103639903266
1980,7,88,16.1,5.5,Las Ramadas,1980-07-01,80.62218616151969,7.377813838480307
1980,8,24,20.5,8.1,Las Ramadas,1980-08-01,122.65221872994965,-98.65221872994965
1980,9,14.5,19.9,8,Las Ramadas,1980-09-01,129.59963408663023,-115.09963408663023
1980,10,26.5,20.8,9.3,Las Ramadas,1980-10-01,142.56429068988223,-116.06429068988223
1980,11,8,22.8,10.9,Las Ramadas,1980-11-01,150.2555123529914,-142.2555123529914
1980,12,0,25.4,13.3,Las Ramadas,1980-12-01,134.23099046501662,-134.23099046501662
1981,1,0,24.9,11.6,Las Ramadas,1981-01-01,129.9418210233947,-129.9418210233947
1981,2,0,25.9,13.2,Las Ramadas,1981-02-01,100.129449693167,-100.129449693167
1981,3,0,23.8,11.2,Las Ramadas,1981-03-01,75.96098303980963,-75.96098303980963
1981,4,3,23,11.5,Las Ramadas,1981-04-01,60.08141028570876,-57.08141028570876
1981,5,69.5,20.7,10,Las Ramadas,1981-05-01,60.050732565277386,9.449267434722614
1981,6,21,19.4,8,Las Ramadas,1981-06-01,73.67485107624913,-52.674851076249126
1981,7,18.3,22.1,9.7,Las Ramadas,1981-07-01,102.74870290115935,-84.44870290115935
1981,8,55.5,20,9,Las Ramadas,1981-08-01,116.24074875022056,-60.74074875022056
1981,9,12,23.1,10.9,Las Ramadas,1981-09-01,143.8287560406153,-131.8287560406153
1981,10,0,23.5,11,Las Ramadas,1981-10-01,158.58769700611074,-158.58769700611074
1981,11,0,24.5,11.6,Las Ramadas,1981-11-01,161.85931915078484,-161.85931915078484
1981,12,0,26.3,13.1,Las Ramadas,1981-12-01,141.52055557931052,-141.52055557931052
1982,1,0,25.6,12.5,Las Ramadas,1982-01-01,131.8229417891256,-131.8229417891256
1982,2,0,25.7,12.9,Las Ramadas,1982-02-01,99.85004320352986,-99.85004320352986
1982,3,14,23.8,11,Las Ramadas,1982-03-01,76.344586434103,-62.34458643410299
1982,4,0,24.6,11.8,Las Ramadas,1982-04-01,65.10444805629339,-65.10444805629339
1982,5,68.5,19.6,7.7,Las Ramadas,1982-05-01,60.08098148032417,8.41901851967583
1982,6,128.5,16.6,8.1,Las Ramadas,1982-06-01,60.89099440453851,67.6090055954615
1982,7,119.5,16,6.4,Las Ramadas,1982-07-01,77.79814090087726,41.70185909912274
1982,8,51,18.5,7.8,Las Ramadas,1982-08-01,109.85303904927561,-58.85303904927561
1982,9,22.5,19.8,8.5,Las Ramadas,1982-09-01,127.0856894217528,-104.5856894217528
1982,10,11,23.7,11.2,Las Ramadas,1982-10-01,159.49261967091024,-148.49261967091024
1982,11,0,24.4,12.2,Las Ramadas,1982-11-01,158.50421343174713,-158.50421343174713
1982,12,0,25.7,12.9,Las Ramadas,1982-12-01,137.87330488892584,-137.87330488892584
1983,1,24,25.2,13.9,Las Ramadas,1983-01-01,124.09311519461595,-100.09311519461595
1983,2,0,27.1,14.6,Las Ramadas,1983-02-01,102.79544417317345,-102.79544417317345
1983,3,0,24.7,13.3,Las Ramadas,1983-03-01,75.32356088042033,-75.32356088042033
1983,4,18,22.8,12.1,Las Ramadas,1983-04-01,58.284649072868106,-40.284649072868106
1983,5,31.5,17.8,7.6,Las Ramadas,1983-05-01,53.94395860701651,-22.443958607016512
1983,6,99,12.8,4.2,Las Ramadas,1983-06-01,53.42705814894503,45.57294185105497
1983,7,195,12.2,3.6,Las Ramadas,1983-07-01,65.25562499654168,129.74437500345832
1983,8,88.5,18.3,7.5,Las Ramadas,1983-08-01,109.47369758372442,-20.973697583724416
1983,9,14,16,5.3,Las Ramadas,1983-09-01,110.11861097082534,-96.11861097082534
1983,10,0,21.9,10,Las Ramadas,1983-10-01,148.99569538036567,-148.99569538036567
1983,11,0,25,13.3,Las Ramadas,1983-11-01,158.87701354805665,-158.87701354805665
1983,12,0,25.8,13.2,Las Ramadas,1983-12-01,137.5293517365212,-137.5293517365212
1984,1,0,25.1,13,Las Ramadas,1984-01-01,126.69166290236598,-126.69166290236598
1984,2,0,25.7,13.1,Las Ramadas,1984-02-01,99.33392018551355,-99.33392018551355
1984,3,22,24.1,12.8,Las Ramadas,1984-03-01,73.87165537929944,-51.87165537929944
1984,4,0,23.5,11,Las Ramadas,1984-04-01,62.63920030723634,-62.63920030723634
1984,5,0,17.9,6.4,Las Ramadas,1984-05-01,56.24561050579572,-56.24561050579572
1984,6,36,13,3.6,Las Ramadas,1984-06-01,55.43202208249084,-19.43202208249084
1984,7,447.5,11.4,4.6,Las Ramadas,1984-07-01,58.251855954522995,389.24814404547703
1984,8,11.5,15.2,4.2,Las Ramadas,1984-08-01,98.96658175328376,-87.46658175328376
1984,9,15,18.5,7.6,Las Ramadas,1984-09-01,120.51885094585826,-105.51885094585826
1984,10,4,21.1,9.2,Las Ramadas,1984-10-01,145.46394556394225,-141.46394556394225
1984,11,17.5,22.7,10.6,Las Ramadas,1984-11-01,150.63836923039304,-133.13836923039304
1984,12,0,24.4,12.6,Las Ramadas,1984-12-01,129.52360401009292,-129.52360401009292
1985,1,0,25,12.9,Las Ramadas,1985-01-01,126.3478592038521,-126.3478592038521
1985,2,0,25.7,13.4,Las Ramadas,1985-02-01,98.53999242444964,-98.53999242444964
1985,3,5,25.1,12.9,Las Ramadas,1985-03-01,77.92168450821674,-72.92168450821674
1985,4,10,21.5,9.8,Las Ramadas,1985-04-01,57.83519827073619,-47.83519827073619
1985,5,3,22.2,10.8,Las Ramadas,1985-05-01,64.13416339396893,-61.13416339396893
1985,6,16,21.8,10.4,Las Ramadas,1985-06-01,79.28817306301099,-63.28817306301099
1985,7,68.4,16.6,6,Las Ramadas,1985-07-01,82.03166494056723,-13.63166494056722
1985,8,1.5,19.2,6.4,Las Ramadas,1985-08-01,118.79165833771904,-117.29165833771904
1985,9,0,20.7,9.3,Las Ramadas,1985-09-01,131.0427005128149,-131.0427005128149
1985,10,25,21.3,9.6,Las Ramadas,1985-10-01,145.54960932951877,-120.54960932951877
1985,11,0,24.5,10.9,Las Ramadas,1985-11-01,164.5703153437815,-164.5703153437815
1985,12,0,26.1,12.6,Las Ramadas,1985-12-01,141.78392471343707,-141.78392471343707
1986,1,0,27,13.4,Las Ramadas,1986-01-01,138.50674079557328,-138.50674079557328
1986,2,0,26,13.8,Las Ramadas,1986-02-01,99.05824473509173,-99.05824473509173
1986,3,0,26.1,13.3,Las Ramadas,1986-03-01,81.33301111587674,-81.33301111587674
1986,4,0,23.9,10.7,Las Ramadas,1986-04-01,64.46103255173821,-64.46103255173821
1986,5,103.5,19.6,7.9,Las Ramadas,1986-05-01,59.76338426909872,43.73661573090128
1986,6,53,17.3,6,Las Ramadas,1986-06-01,68.57736724041278,-15.577367240412784
1986,7,28.5,20.8,7.4,Las Ramadas,1986-07-01,101.10640923976118,-72.60640923976118
1986,8,61,17.4,5.9,Las Ramadas,1986-08-01,108.36617719397692,-47.366177193976924
1986,9,3,19.8,6.5,Las Ramadas,1986-09-01,133.5589631483776,-130.5589631483776
1986,10,20,22.4,10,Las Ramadas,1986-10-01,153.22026996149378,-133.22026996149378
1986,11,0,23.4,10.3,Las Ramadas,1986-11-01,157.64949389221871,-157.64949389221871
1986,12,0,27.8,12.6,Las Ramadas,1986-12-01,153.88868271473316,-153.88868271473316
1987,1,0,29.1,15,Las Ramadas,1987-01-01,147.89576606242417,-147.89576606242417
1987,2,11,29.7,15,Las Ramadas,1987-02-01,115.80133861128148,-104.80133861128148
1987,3,8,26.1,13.2,Las Ramadas,1987-03-01,81.54123328095132,-73.54123328095132
1987,4,10.5,24.7,9.8,Las Ramadas,1987-04-01,68.38869747871391,-57.88869747871391
1987,5,23,17.6,6.4,Las Ramadas,1987-05-01,55.229125113459794,-32.229125113459794
1987,6,49.5,21.1,8.5,Las Ramadas,1987-06-01,80.16026787464737,-30.660267874647374
1987,7,354.4,13.3,4.4,Las Ramadas,1987-07-01,68.83793300246413,285.56206699753585
1987,8,236,15.8,5.8,Las Ramadas,1987-08-01,98.1353706187624,137.8646293812376
1987,9,0,19.7,7.7,Las Ramadas,1987-09-01,129.11828288521878,-129.11828288521878
1987,10,6,22.3,9.9,Las Ramadas,1987-10-01,152.76962210866589,-146.76962210866589
1987,11,0,26.2,11.7,Las Ramadas,1987-11-01,175.9118267789771,-175.9118267789771
1987,12,0,27.5,12.3,Las Ramadas,1987-12-01,152.6737720617221,-152.6737720617221
1988,1,0,27.4,12.5,Las Ramadas,1988-01-01,144.02170545170532,-144.02170545170532
1988,2,0,26.4,12.1,Las Ramadas,1988-02-01,105.39635551415816,-105.39635551415816
1988,3,0,26.8,11.6,Las Ramadas,1988-03-01,87.448852802901,-87.448852802901
1988,4,0,24.9,9.8,Las Ramadas,1988-04-01,69.04257474782219,-69.04257474782219
1988,5,12.3,19.6,7.4,Las Ramadas,1988-05-01,60.54344665018624,-48.24344665018624
1988,6,22,19,5.8,Las Ramadas,1988-06-01,76.0064057490508,-54.0064057490508
1988,7,0,17.5,4.6,Las Ramadas,1988-07-01,89.7173169442978,-89.7173169442978
1988,8,10,19,5.3,Las Ramadas,1988-08-01,120.28643237206285,-110.28643237206285
1988,9,19,19,5.2,Las Ramadas,1988-09-01,131.4308439272803,-112.4308439272803
1988,10,0,23.7,8.7,Las Ramadas,1988-10-01,168.51982914484486,-168.51982914484486
1988,11,0,27.2,12.1,Las Ramadas,1988-11-01,182.93381427507748,-182.93381427507748
1988,12,0,26.6,11.5,Las Ramadas,1988-12-01,148.73982197953615,-148.73982197953615
1989,1,0,27.8,11.9,Las Ramadas,1989-01-01,148.3820619691941,-148.3820619691941
1989,2,0,28.6,12.6,Las Ramadas,1989-02-01,115.54750662695866,-115.54750662695866
1989,3,0,26.5,11,Las Ramadas,1989-03-01,87.23360670370192,-87.23360670370192
1989,4,28.5,24.6,9.7,Las Ramadas,1989-04-01,68.193579939545,-39.693579939545
1989,5,87.5,22,9.1,Las Ramadas,1989-05-01,66.33360213844045,21.166397861559545
1989,6,2,20.7,7.5,Las Ramadas,1989-06-01,80.28491203293775,-78.28491203293775
1989,7,72.5,17.9,5.3,Las Ramadas,1989-07-01,90.35833246888129,-17.858332468881287
1989,8,161.5,18.5,6.6,Las Ramadas,1989-08-01,113.60349953676531,47.89650046323469
1989,9,5,19.3,6.8,Las Ramadas,1989-09-01,129.06150937958674,-124.06150937958674
1989,10,0,24.4,9.9,Las Ramadas,1989-10-01,170.31686118359787,-170.31686118359787
1989,11,0,24.9,9.3,Las Ramadas,1989-11-01,173.2771994720704,-173.2771994720704
1989,12,0,26.4,11.6,Las Ramadas,1989-12-01,147.05505837640754,-147.05505837640754
1990,1,0,28.6,11.3,Las Ramadas,1990-01-01,155.18790372520007,-155.18790372520007
1990,2,0,28.2,10,Las Ramadas,1990-02-01,118.42173586685789,-118.42173586685789
1990,3,0,26.7,11.6,Las Ramadas,1990-03-01,87.04293266071295,-87.04293266071295
1990,4,0,22.8,9.3,Las Ramadas,1990-04-01,62.86786806192322,-62.86786806192322
1990,5,2.5,22.1,8.1,Las Ramadas,1990-05-01,68.1714927720061,-65.6714927720061
1990,6,9.2,22,9.1,Las Ramadas,1990-06-01,82.97494641215634,-73.77494641215634
1990,7,91,18.3,5.7,Las Ramadas,1990-07-01,91.58769753648514,-0.5876975364851376
1990,8,11,22.1,8.3,Las Ramadas,1990-08-01,133.0187973345685,-122.01879733456849
1990,9,42,20.3,7,Las Ramadas,1990-09-01,135.71662006515265,-93.71662006515265
1990,10,0,22.3,7.8,Las Ramadas,1990-10-01,160.08323003951904,-160.08323003951904
1990,11,0,26.1,9.9,Las Ramadas,1990-11-01,181.13160191032784,-181.13160191032784
1990,12,0,27.8,12.2,Las Ramadas,1990-12-01,155.0798565235433,-155.0798565235433
1991,1,0,28.3,13.1,Las Ramadas,1991-01-01,148.3543833374054,-148.3543833374054
1991,2,0,28.9,13.3,Las Ramadas,1991-02-01,115.5796202431621,-115.5796202431621
1991,3,0,27.5,12.5,Las Ramadas,1991-03-01,88.74993177871556,-88.74993177871556
1991,4,9.5,24,11.2,Las Ramadas,1991-04-01,64.01937392202186,-54.519373922021856
1991,5,65,21.7,9.3,Las Ramadas,1991-05-01,64.93785876596837,0.0621412340316283
1991,6,255,16.3,6.1,Las Ramadas,1991-06-01,64.15852499796426,190.84147500203574
1991,7,60.5,16.8,5.9,Las Ramadas,1991-07-01,83.32731971863895,-22.827319718638947
1991,8,6,19.3,6.4,Las Ramadas,1991-08-01,119.44964622831533,-113.44964622831533
1991,9,52,21.3,8.8,Las Ramadas,1991-09-01,137.42854402332006,-85.42854402332006
1991,10,0,21.7,8.2,Las Ramadas,1991-10-01,153.99430217871551,-153.99430217871551
1991,11,0,24.3,10,Las Ramadas,1991-11-01,166.1379674262651,-166.1379674262651
1991,12,7.5,24.5,11.1,Las Ramadas,1991-12-01,135.36415877660488,-127.86415877660488
1992,1,0,28.3,13.3,Las Ramadas,1992-01-01,147.75792834259155,-147.75792834259155
1992,2,0,26.9,12.1,Las Ramadas,1992-02-01,107.94662095274712,-107.94662095274712
1992,3,26,26,12,Las Ramadas,1992-03-01,83.47231053232166,-57.47231053232166
1992,4,48.2,21.6,9.4,Las Ramadas,1992-04-01,58.79323059460827,-10.593230594608265
1992,5,48.2,18.5,8.2,Las Ramadas,1992-05-01,55.36299183947712,-7.162991839477115
1992,7,16.2,16.3,3.8,Las Ramadas,1992-07-01,68.20818499629064,-52.00818499629064
1992,8,77.3,18.9,5.5,Las Ramadas,1992-08-01,95.08439740416411,-17.78439740416411
1992,9,0,22.2,9.4,Las Ramadas,1992-09-01,130.43789935122095,-130.43789935122095
1992,10,0,23.7,8.2,Las Ramadas,1992-10-01,157.2266609278065,-157.2266609278065
1992,11,26.1,24.6,10.7,Las Ramadas,1992-11-01,169.14147097952477,-143.04147097952477
1992,12,0,26.9,11.4,Las Ramadas,1992-12-01,182.86642975255396,-182.86642975255396
1993,1,0,28.1,13.1,Las Ramadas,1993-01-01,154.48209320219132,-154.48209320219132
1993,2,0,27.7,12.1,Las Ramadas,1993-02-01,147.17075185746546,-147.17075185746546
1993,3,0,27.6,12.2,Las Ramadas,1993-03-01,111.29382617683066,-111.29382617683066
1993,4,61.3,23.8,10.2,Las Ramadas,1993-04-01,77.79994619782848,-16.49994619782848
1993,5,120.6,17.8,5.7,Las Ramadas,1993-05-01,51.958110136421304,68.64188986357868
1993,6,1.2,20.2,7.3,Las Ramadas,1993-06-01,62.7533777351663,-61.5533777351663
1993,7,45.5,17.7,5.3,Las Ramadas,1993-07-01,71.47180498519322,-25.971804985193216
1993,8,32.5,20.4,6.3,Las Ramadas,1993-08-01,101.27522388247125,-68.77522388247125
1993,9,18.5,20.1,6,Las Ramadas,1993-09-01,125.6968107143135,-107.1968107143135
1993,10,0,23.4,9.6,Las Ramadas,1993-10-01,150.77183768246542,-150.77183768246542
1993,11,0,25.3,10.8,Las Ramadas,1993-11-01,174.7027031024888,-174.7027031024888
1993,12,0,27.2,11.9,Las Ramadas,1993-12-01,183.64961221122365,-183.64961221122365
1994,1,0,27.6,13,Las Ramadas,1994-01-01,151.21772328384768,-151.21772328384768
1994,2,0,27.6,12,Las Ramadas,1994-02-01,146.78037851036345,-146.78037851036345
1994,3,0,27.2,11.7,Las Ramadas,1994-03-01,110.32183803178918,-110.32183803178918
1994,4,5.7,25.1,11,Las Ramadas,1994-04-01,81.60735740853168,-75.90735740853168
1994,5,13.1,22.7,8,Las Ramadas,1994-05-01,64.24589386410901,-51.145893864109006
1994,6,47.8,20.2,6.9,Las Ramadas,1994-06-01,63.314947900085656,-15.514947900085659
1994,7,35.9,16.7,5.1,Las Ramadas,1994-07-01,67.7122396166121,-31.812239616612096
1994,8,14.8,20.3,7,Las Ramadas,1994-08-01,99.30750592471254,-84.50750592471255
1994,9,0,24,9.8,Las Ramadas,1994-09-01,141.883920678224,-141.883920678224
1994,10,0,22.5,8.1,Las Ramadas,1994-10-01,148.62634740679275,-148.62634740679275
1994,11,0,25.8,10,Las Ramadas,1994-11-01,181.60308554115608,-181.60308554115608
1994,12,0,28.9,12.5,Las Ramadas,1994-12-01,195.99109874442428,-195.99109874442428
1995,1,32,27.7,12.9,Las Ramadas,1995-01-01,152.24993815600894,-120.24993815600894
1995,2,0,26.7,11.1,Las Ramadas,1995-02-01,143.26701838644516,-143.26701838644516
1995,3,0,26.8,10.7,Las Ramadas,1995-03-01,110.32391931733638,-110.32391931733638
1995,4,7.7,24.9,9.9,Las Ramadas,1995-04-01,82.64543911668753,-74.94543911668752
1995,5,0,24.3,9.7,Las Ramadas,1995-05-01,67.21386163693435,-67.21386163693435
1995,6,29.1,20.8,7.9,Las Ramadas,1995-06-01,63.94678586959103,-34.84678586959103
1995,7,20.6,15.5,4.1,Las Ramadas,1995-07-01,64.55320284776117,-43.95320284776117
1995,8,0,19.6,4.9,Las Ramadas,1995-08-01,99.75593608998861,-99.75593608998861
1995,9,17,21.3,8.4,Las Ramadas,1995-09-01,127.24407665104388,-110.24407665104388
1995,10,0,24,8.9,Las Ramadas,1995-10-01,157.48370171393702,-157.48370171393702
1995,11,0,26.1,10.4,Las Ramadas,1995-11-01,182.80225923445053,-182.80225923445053
1995,12,6.1,28.1,12.2,Las Ramadas,1995-12-01,190.22344231345235,-184.12344231345236
1996,1,0,26.9,11.7,Las Ramadas,1996-01-01,150.24395075569998,-150.24395075569998
1996,2,0,28.2,12.5,Las Ramadas,1996-02-01,149.4040009196376,-149.4040009196376
1996,3,0,27.2,11.5,Las Ramadas,1996-03-01,110.73323990762566,-110.73323990762566
1996,4,13.1,23.5,8.2,Las Ramadas,1996-04-01,79.79237326579194,-66.69237326579194
1996,5,0,23.4,8.3,Las Ramadas,1996-05-01,66.09623443141442,-66.09623443141442
1996,6,36.5,18.1,5.7,Las Ramadas,1996-06-01,57.917549710188034,-21.417549710188034
1996,7,91.4,20,7.2,Las Ramadas,1996-07-01,77.8199451018826,13.58005489811741
1996,8,59.2,18.8,6.1,Las Ramadas,1996-08-01,93.33893560219406,-34.13893560219405
1996,9,3,22.1,7.3,Las Ramadas,1996-09-01,135.6668534765311,-132.6668534765311
1996,10,0,23.4,7.9,Las Ramadas,1996-10-01,155.82909060844824,-155.82909060844824
1996,11,0,27,11.2,Las Ramadas,1996-11-01,187.70739093749748,-187.70739093749748
1996,12,0,27.1,11.9,Las Ramadas,1996-12-01,182.80342140401407,-182.80342140401407
1997,1,0,27.8,13,Las Ramadas,1997-01-01,152.64954429290137,-152.64954429290137
1997,2,0,29.3,13.3,Las Ramadas,1997-02-01,154.58046447994312,-154.58046447994312
1997,3,13.5,27.1,12.5,Las Ramadas,1997-03-01,108.07708820957035,-94.57708820957035
1997,4,0,26.4,11.7,Las Ramadas,1997-04-01,85.64987985417125,-85.64987985417125
1997,5,0,22.8,10.1,Las Ramadas,1997-05-01,61.69722232903218,-61.69722232903218
1997,6,514.2,13.1,4.8,Las Ramadas,1997-06-01,42.67816329081657,471.5218367091835
1997,7,31,19,7.4,Las Ramadas,1997-07-01,73.13865603188064,-42.13865603188064
1997,8,232.3,18.8,7.9,Las Ramadas,1997-08-01,89.04446000808244,143.25553999191757
1997,9,45.6,19.3,7.8,Las Ramadas,1997-09-01,115.35754346455612,-69.75754346455611
1997,10,56.9,19,7.1,Las Ramadas,1997-10-01,125.92594367157615,-69.02594367157616
1997,11,0,24.1,10.4,Las Ramadas,1997-11-01,166.02548953490657,-166.02548953490657
1997,12,0,26.6,12.2,Las Ramadas,1997-12-01,177.45076665641236,-177.45076665641236
1998,1,0,29.7,14.1,Las Ramadas,1998-01-01,162.87487576679018,-162.87487576679018
1998,2,0,26.5,13.5,Las Ramadas,1998-02-01,134.70426147564285,-134.70426147564285
1998,3,8.4,26.6,13.1,Las Ramadas,1998-03-01,104.06417066017609,-95.66417066017608
1998,4,0,21.2,9.9,Las Ramadas,1998-04-01,67.96192294895548,-67.96192294895548
1998,5,3.2,21.6,9.1,Las Ramadas,1998-05-01,59.243637380453215,-56.04363738045321
1998,6,59.9,18.4,7,Las Ramadas,1998-06-01,57.02892080221728,2.87107919778272
1998,7,0,20.1,6.5,Las Ramadas,1998-07-01,79.44857835846499,-79.44857835846499
1998,8,0,20.4,6.1,Las Ramadas,1998-08-01,101.6635399435001,-101.6635399435001
1998,9,6,19.3,7,Las Ramadas,1998-09-01,117.7803235224427,-111.7803235224427
1998,10,0,25.3,10.1,Las Ramadas,1998-10-01,163.77089108430042,-163.77089108430042
1998,11,0,26.1,10.7,Las Ramadas,1998-11-01,181.80063446207856,-181.80063446207856
1998,12,0,27.9,12,Las Ramadas,1998-12-01,189.22094722879646,-189.22094722879646
1999,1,0,27.2,12.1,Las Ramadas,1999-01-01,151.161637262785,-151.161637262785
1999,2,0,28.5,13.2,Las Ramadas,1999-02-01,149.42149346555863,-149.42149346555863
1999,3,9.2,26.2,11.6,Las Ramadas,1999-03-01,105.49013663008594,-96.29013663008594
1999,4,7.2,24.7,10.1,Las Ramadas,1999-04-01,81.53605405346175,-74.33605405346175
1999,5,52.7,22.2,8.5,Las Ramadas,1999-05-01,62.02217500856471,-9.322175008564706
1999,6,50.5,18.6,6.9,Las Ramadas,1999-06-01,57.86914071064869,-7.3691407106486935
1999,7,0,17.7,5.6,Las Ramadas,1999-07-01,70.96337650804816,-70.96337650804816
1999,8,11.4,20.3,7.8,Las Ramadas,1999-08-01,97.49897449730732,-86.09897449730731
1999,9,76.4,18.8,7,Las Ramadas,1999-09-01,114.42974047637688,-38.02974047637687
1999,10,11.7,22.1,8.7,Las Ramadas,1999-10-01,143.80601373030532,-132.10601373030534
1999,11,0,24.2,9.9,Las Ramadas,1999-11-01,168.65424032210097,-168.65424032210097
1999,12,0,26.7,11.6,Las Ramadas,1999-12-01,180.4914402527133,-180.4914402527133
2000,1,0,27.8,13.1,Las Ramadas,2000-01-01,152.33208920325285,-152.33208920325285
2000,2,0,27.2,12,Las Ramadas,2000-02-01,144.1156866706224,-144.1156866706224
2000,3,0,26.6,11.4,Las Ramadas,2000-03-01,107.92920431422328,-107.92920431422328
2000,4,28.5,25,9.8,Las Ramadas,2000-04-01,83.19458428816527,-54.694584288165274
2000,5,29.5,20,6.9,Las Ramadas,2000-05-01,57.17271881195998,-27.67271881195998
2000,6,225.1,14.6,3.3,Las Ramadas,2000-06-01,49.797311495650135,175.30268850434987
2000,7,110.6,17.4,5.6,Las Ramadas,2000-07-01,69.72120929246711,40.878790707532886
2000,8,0,20.4,7.2,Las Ramadas,2000-08-01,99.4053257487884,-99.4053257487884
2000,9,64.9,19.2,6.5,Las Ramadas,2000-09-01,118.52006286762644,-53.62006286762643
2000,10,0,23.9,9.4,Las Ramadas,2000-10-01,155.2243294345849,-155.2243294345849
2000,11,0,23.9,10.3,Las Ramadas,2000-11-01,164.71052243969982,-164.71052243969982
2000,12,0,27.6,11.9,Las Ramadas,2000-12-01,187.03094216852898,-187.03094216852898
2001,1,0,28.3,13,Las Ramadas,2001-01-01,156.2224164047563,-156.2224164047563
2001,2,0,28.9,13.7,Las Ramadas,2001-02-01,150.6663997011052,-150.6663997011052
2001,3,6,26,12.5,Las Ramadas,2001-03-01,102.40577750224499,-96.40577750224499
2001,4,2.5,24.1,9.7,Las Ramadas,2001-04-01,79.82543968776795,-77.32543968776795
2001,5,12.2,20.3,7.5,Las Ramadas,2001-05-01,57.32808342734726,-45.12808342734726
2001,6,0,20.7,6.6,Las Ramadas,2001-06-01,65.3992991588066,-65.3992991588066
2001,7,156.1,17.9,6.6,Las Ramadas,2001-07-01,69.97452922154174,86.12547077845825
2001,8,86,18.7,7.2,Las Ramadas,2001-08-01,90.28791932862867,-4.287919328628675
2001,9,9.5,17.5,5.4,Las Ramadas,2001-09-01,110.40229194610768,-100.90229194610768
2001,10,19.2,23.9,8.8,Las Ramadas,2001-10-01,157.0238952855752,-137.82389528557522
2001,11,0,24.4,9.7,Las Ramadas,2001-11-01,170.99677252215056,-170.99677252215056
2001,12,4.1,28.1,11.7,Las Ramadas,2001-12-01,191.9185564328519,-187.8185564328519
2002,1,0,27.4,13.2,Las Ramadas,2002-01-01,149.13186168097636,-149.13186168097636
2002,2,0,28.4,14.5,Las Ramadas,2002-02-01,144.63217605584248,-144.63217605584248
2002,3,0,27.4,12.8,Las Ramadas,2002-03-01,108.9394054027318,-108.9394054027318
2002,4,30.5,22.1,9.1,Las Ramadas,2002-04-01,73.00435049550582,-42.50435049550582
2002,5,274.5,19.7,6.9,Las Ramadas,2002-05-01,56.243009293075694,218.2569907069243
2002,6,102,17.5,7.4,Las Ramadas,2002-06-01,53.238885337212515,48.761114662787485
2002,7,180.3,16.1,5.7,Las Ramadas,2002-07-01,64.11429240879532,116.18570759120469
2002,8,78,17.8,6.7,Las Ramadas,2002-08-01,86.68452431757238,-8.684524317572382
2002,9,18.1,20.2,8.2,Las Ramadas,2002-09-01,120.28185997656139,-102.18185997656138
2002,10,0,23.3,9.1,Las Ramadas,2002-10-01,151.60364887742,-151.60364887742
2002,11,0,25.2,11,Las Ramadas,2002-11-01,173.12711195479008,-173.12711195479008
2002,12,0,25.9,11.3,Las Ramadas,2002-12-01,174.83625915042293,-174.83625915042293
2003,1,0,28.5,13.2,Las Ramadas,2003-01-01,157.03501675016463,-157.03501675016463
2003,2,0,27.5,12.6,Las Ramadas,2003-02-01,144.40321990323304,-144.40321990323304
2003,3,0,27.6,12.1,Las Ramadas,2003-03-01,111.50650206434533,-111.50650206434533
2003,4,0,24.9,9.3,Las Ramadas,2003-04-01,83.563827648373,-83.563827648373
2003,5,131.7,22.5,9.1,Las Ramadas,2003-05-01,62.17200200852752,69.52799799147246
2003,6,27,20.3,8.8,Las Ramadas,2003-06-01,60.75277128088454,-33.75277128088454
2003,7,50.6,18,6.5,Las Ramadas,2003-07-01,70.5910568099271,-19.991056809927095
2003,8,4,22,9.2,Las Ramadas,2003-08-01,103.46347390059094,-99.46347390059094
2003,9,0,22.3,8.2,Las Ramadas,2003-09-01,134.66060272635528,-134.66060272635528
2003,10,0,25.3,9.9,Las Ramadas,2003-10-01,164.380458495957,-164.380458495957
2003,11,0,27.4,10.8,Las Ramadas,2003-11-01,192.40080011290146,-192.40080011290146
2003,12,0,28.2,11.5,Las Ramadas,2003-12-01,193.40910275138768,-193.40910275138768
2004,1,0,29.4,12.8,Las Ramadas,2004-01-01,164.62846804557398,-164.62846804557398
2004,2,0,28.7,12.3,Las Ramadas,2004-02-01,153.298730079359,-153.298730079359
2004,3,15.1,28.5,12.7,Las Ramadas,2004-03-01,114.82306370721311,-99.72306370721311
2004,4,56,23.9,8.7,Las Ramadas,2004-04-01,80.5947535291601,-24.5947535291601
2004,5,0,22,6.7,Las Ramadas,2004-05-01,63.56672962462475,-63.56672962462475
2004,6,18,21.6,8.1,Las Ramadas,2004-06-01,66.4343909760319,-48.43439097603191
2004,7,60.6,18.7,6,Las Ramadas,2004-07-01,74.42956214916057,-13.829562149160573
2004,8,76.5,18.4,5.2,Las Ramadas,2004-08-01,93.11384943557394,-16.61384943557394
2004,9,17,23.4,9.4,Las Ramadas,2004-09-01,138.85120649414665,-121.85120649414665
2004,10,4.5,23.4,9.1,Las Ramadas,2004-10-01,152.3602582091542,-147.8602582091542
2004,11,20,24.6,10.4,Las Ramadas,2004-11-01,170.2336226184983,-150.2336226184983
2004,12,0,28.4,12.1,Las Ramadas,2004-12-01,193.10884103500098,-193.10884103500098
2005,1,0,28.6,12.5,Las Ramadas,2005-01-01,159.83783846316183,-159.83783846316183
2005,2,0,30.9,14,Las Ramadas,2005-02-01,163.54116840671765,-163.54116840671765
2005,3,43,27,11.2,Las Ramadas,2005-03-01,110.3377877811501,-67.3377877811501
2005,4,19.5,24.9,9.6,Las Ramadas,2005-04-01,83.11211539274909,-63.61211539274909
2005,5,95.1,19.2,7.1,Las Ramadas,2005-05-01,54.41974648806224,40.68025351193776
2005,6,132,20.4,7.6,Las Ramadas,2005-06-01,63.00499667763836,68.99500332236164
2005,7,15,19.2,6.2,Las Ramadas,2005-07-01,76.1776906400459,-61.177690640045896
2005,8,123.7,19.3,7.8,Las Ramadas,2005-08-01,92.04963482772388,31.650365172276125
2005,9,42,18.1,4.7,Las Ramadas,2005-09-01,115.9831192468106,-73.9831192468106
2005,10,7.6,21.9,6.5,Las Ramadas,2005-10-01,148.5925048551023,-140.9925048551023
2005,11,0,26.5,9.4,Las Ramadas,2005-11-01,189.19104014719056,-189.19104014719056
2005,12,0,27.3,9.9,Las Ramadas,2005-12-01,190.86649654312112,-190.86649654312112
2006,1,0,28.9,12.4,Las Ramadas,2006-01-01,162.23315262263017,-162.23315262263017
2006,2,13,29.2,11.9,Las Ramadas,2006-02-01,157.6544664334152,-144.6544664334152
2006,3,0,28.3,11.7,Las Ramadas,2006-03-01,115.85511337250982,-115.85511337250982
2006,4,0,26.2,8,Las Ramadas,2006-04-01,90.25924979259185,-90.25924979259185
2006,5,0,23.7,9.8,Las Ramadas,2006-05-01,65.11163900290289,-65.11163900290289
2006,6,18.5,21.5,9.2,Las Ramadas,2006-06-01,64.3841515037694,-45.8841515037694
2006,7,126.2,19.5,7.8,Las Ramadas,2006-07-01,74.51948894687894,51.680511053121066
2006,8,7.5,20.4,7.8,Las Ramadas,2006-08-01,98.04186414140521,-90.54186414140521
2006,9,0,23.2,8.6,Las Ramadas,2006-09-01,139.72234393534882,-139.72234393534882
2006,10,6,24.9,10.1,Las Ramadas,2006-10-01,160.6912126326571,-154.6912126326571
2006,11,0,27.5,10.5,Las Ramadas,2006-11-01,194.1774273936386,-194.1774273936386
2006,12,0,27,10,Las Ramadas,2006-12-01,188.14157693518274,-188.14157693518274
2007,1,0,29.3,12.6,Las Ramadas,2007-01-01,164.48686901176686,-164.48686901176686
2007,2,0,27.3,10.4,Las Ramadas,2007-02-01,148.91388377903607,-148.91388377903607
2007,3,0,27.1,10.9,Las Ramadas,2007-03-01,111.42295926216002,-111.42295926216002
2007,4,0,25.6,9.8,Las Ramadas,2007-04-01,85.5435944823263,-85.5435944823263
2007,5,0,21.2,5.7,Las Ramadas,2007-05-01,62.18978373516438,-62.18978373516438
2007,6,100.5,17.3,4.3,Las Ramadas,2007-06-01,57.10584963706874,43.39415036293126
2007,7,32.2,17.4,4.4,Las Ramadas,2007-07-01,71.68195807768254,-39.481958077682535
2007,8,10.5,16.7,2.9,Las Ramadas,2007-08-01,88.7736813260037,-78.2736813260037
2007,9,0,22.1,6.9,Las Ramadas,2007-09-01,136.64188675784496,-136.64188675784496
2007,10,0,24.8,8.3,Las Ramadas,2007-10-01,165.10311931439634,-165.10311931439634
2007,11,0,26.8,10,Las Ramadas,2007-11-01,189.88456979050378,-189.88456979050378
2007,12,0,28,11.1,Las Ramadas,2007-12-01,193.01348510309364,-193.01348510309364
2008,1,0,29.6,13,Las Ramadas,2008-01-01,165.47488690442012,-165.47488690442012
2008,2,4.5,29.6,12.5,Las Ramadas,2008-02-01,158.78407285780503,-154.28407285780503
2008,3,0,28.7,11.9,Las Ramadas,2008-03-01,117.47595364457118,-117.47595364457118
2008,4,0,25.8,9.8,Las Ramadas,2008-04-01,86.32579524595377,-86.32579524595377
2008,5,85.2,21.5,7.1,Las Ramadas,2008-05-01,61.572878094291596,23.627121905708407
2008,6,102.5,19.2,6.2,Las Ramadas,2008-06-01,60.8995948926782,41.6004051073218
2008,7,28,19.8,6.1,Las Ramadas,2008-07-01,78.84273675058505,-50.84273675058505
2008,8,201.5,17.7,4.7,Las Ramadas,2008-08-01,90.53265954156736,110.96734045843264
2008,9,2.5,21,6.4,Las Ramadas,2008-09-01,130.60100397517766,-128.10100397517766
2008,10,0,24.2,8.2,Las Ramadas,2008-10-01,160.92572463217982,-160.92572463217982
2008,11,0,27.8,9.7,Las Ramadas,2008-11-01,199.0000256099838,-199.0000256099838
2008,12,0,28.5,11,Las Ramadas,2008-12-01,197.46160366067164,-197.46160366067164
2009,1,0,28.7,11.2,Las Ramadas,2009-01-01,164.0352828528562,-164.0352828528562
2009,2,0,29.1,11.5,Las Ramadas,2009-02-01,157.978930284427,-157.978930284427
2009,3,0,29,11.6,Las Ramadas,2009-03-01,119.55533549310691,-119.55533549310691
2009,4,0,28.5,11.1,Las Ramadas,2009-04-01,95.08085263392753,-95.08085263392753
2009,5,9,24.3,8.9,Las Ramadas,2009-05-01,68.2373226823783,-59.237322682378306
2009,6,54,20.2,6.1,Las Ramadas,2009-06-01,64.35956467297503,-10.359564672975026
2009,7,56,18.2,4.6,Las Ramadas,2009-07-01,74.59480669026294,-18.594806690262942
2009,8,92.7,19.7,6.5,Las Ramadas,2009-08-01,97.20330903916333,-4.503309039163327
2009,9,7,18.9,4.8,Las Ramadas,2009-09-01,120.80746961683613,-113.80746961683613
2009,10,0,24.4,8.1,Las Ramadas,2009-10-01,162.6662607207876,-162.6662607207876
2009,11,0,25.5,9.6,Las Ramadas,2009-11-01,180.39082462271097,-180.39082462271097
2009,12,0,28.6,10.6,Las Ramadas,2009-12-01,199.46263355079765,-199.46263355079765
2010,1,1.5,29.9,12.4,Las Ramadas,2010-01-01,169.24964946009936,-167.74964946009936
2010,2,0,29,10.7,Las Ramadas,2010-02-01,159.1872882456987,-159.1872882456987
2010,3,0,28.6,10.7,Las Ramadas,2010-03-01,119.1921627653005,-119.1921627653005
2010,4,0,24.4,8.7,Las Ramadas,2010-04-01,82.51011000383204,-82.51011000383204
2010,5,105.1,21.2,6.5,Las Ramadas,2010-05-01,61.33883984310859,43.76116015689141
2010,6,84.6,18.1,5.4,Las Ramadas,2010-06-01,58.31794794338494,26.282052056615058
2010,7,24,15.7,3.2,Las Ramadas,2010-07-01,66.73870883838131,-42.738708838381314
2010,8,7.2,21.3,6.4,Las Ramadas,2010-08-01,105.77972975655354,-98.57972975655353
2010,9,25.7,19.9,5.8,Las Ramadas,2010-09-01,124.88192053140057,-99.18192053140056
2010,10,0,23.5,7.5,Las Ramadas,2010-10-01,157.61254794857612,-157.61254794857612
2010,11,1.3,25.9,8.7,Las Ramadas,2010-11-01,186.2935434867331,-184.9935434867331
2010,12,0,27.1,9,Las Ramadas,2010-12-01,191.72649880679754,-191.72649880679754
2011,1,0,29.1,11.2,Las Ramadas,2011-01-01,166.77831711125123,-166.77831711125123
2011,2,5.2,28.9,11.9,Las Ramadas,2011-02-01,155.6702714797932,-150.4702714797932
2011,3,0,27.4,10.2,Las Ramadas,2011-03-01,114.18647638772157,-114.18647638772157
2011,4,2,26.3,9.7,Las Ramadas,2011-04-01,88.423493470518,-86.423493470518
2011,5,0,25.2,8.3,Las Ramadas,2011-05-01,71.79506281425512,-71.79506281425512
2011,6,184.5,16.4,4.6,Las Ramadas,2011-06-01,53.83569541586152,130.66430458413848
2011,7,22.9,17,4.1,Las Ramadas,2011-07-01,70.53492446130831,-47.63492446130831
2011,8,42,17.4,5,Las Ramadas,2011-08-01,88.41876510782255,-46.41876510782255
2011,9,0,20.8,6.3,Las Ramadas,2011-09-01,129.53319571028413,-129.53319571028413
2011,10,0,23.1,7.4,Las Ramadas,2011-10-01,154.95580660471677,-154.95580660471677
2011,11,0,27.5,9.4,Las Ramadas,2011-11-01,197.3666464668102,-197.3666464668102
2011,12,0,28.9,11.6,Las Ramadas,2011-12-01,198.94425701468617,-198.94425701468617
2012,1,0,28.6,11.2,Las Ramadas,2012-01-01,163.34929553652722,-163.34929553652722
2012,2,0,30.1,12.5,Las Ramadas,2012-02-01,162.1253589008162,-162.1253589008162
2012,3,0,29.9,12.2,Las Ramadas,2012-03-01,122.95523352869323,-122.95523352869323
2012,4,52,25.3,9.9,Las Ramadas,2012-04-01,84.21592457521999,-32.21592457521999
2012,5,24.5,24.2,8.7,Las Ramadas,2012-05-01,68.16000297374016,-43.66000297374016
2012,6,6.5,21.3,8,Las Ramadas,2012-06-01,65.53652501938693,-59.03652501938693
2012,7,0,21.5,6.1,Las Ramadas,2012-07-01,85.90208997600088,-85.90208997600088
2012,8,31.5,19.7,6.6,Las Ramadas,2012-08-01,96.99110468636485,-65.49110468636485
2012,9,0,23.5,8.9,Las Ramadas,2012-09-01,140.96616302082668,-140.96616302082668
2012,10,2.5,23.5,7,Las Ramadas,2012-10-01,158.8546752064279,-156.3546752064279
2012,11,0,28.1,9.9,Las Ramadas,2012-11-01,200.9138964285381,-200.9138964285381
2012,12,0,29.2,11,Las Ramadas,2012-12-01,203.24908448743696,-203.24908448743696
2013,1,0,30,12.3,Las Ramadas,2013-01-01,170.2140427327373,-170.2140427327373
2013,2,0,29.9,11.9,Las Ramadas,2013-02-01,162.2800290473711,-162.2800290473711
2013,3,0,28.9,12,Las Ramadas,2013-03-01,118.28894392925419,-118.28894392925419
2013,4,0,26.8,9.6,Las Ramadas,2013-04-01,90.51015794142629,-90.51015794142629
2013,5,122.6,21.3,6.7,Las Ramadas,2013-05-01,61.419563219957254,61.18043678004274
2013,6,30,23.4,8.2,Las Ramadas,2013-06-01,72.54441110156945,-42.54441110156945
2013,7,22.2,19.9,6.7,Las Ramadas,2013-07-01,78.27149731110862,-56.071497311108615
2013,8,7.2,20.6,6.5,Las Ramadas,2013-08-01,101.9254660903844,-94.7254660903844
2013,9,0,20.8,6.5,Las Ramadas,2013-09-01,129.0470860380163,-129.0470860380163
2013,10,0,24.1,9,Las Ramadas,2013-10-01,157.94350814229892,-157.94350814229892
2013,11,5.7,26.7,9.3,Las Ramadas,2013-11-01,191.11030885354083,-185.41030885354084
2013,12,0,29.1,11.7,Las Ramadas,2013-12-01,200.30494966887989,-200.30494966887989
2014,1,4.6,29.3,12.6,Las Ramadas,2014-01-01,164.48686901176686,-159.88686901176686
2014,2,0,28.9,12.3,Las Ramadas,2014-02-01,154.63333681801703,-154.63333681801703
2014,3,0,27.9,11.1,Las Ramadas,2014-03-01,115.00926695387152,-115.00926695387152
2014,4,0,26.5,10.3,Las Ramadas,2014-04-01,88.32765007184216,-88.32765007184216
2014,5,0,24,8.2,Las Ramadas,2014-05-01,68.11322090465487,-68.11322090465487
2014,6,82.3,18.1,6.6,Las Ramadas,2014-06-01,56.621207237053135,25.678792762946863
2014,7,1.4,20.2,7.8,Las Ramadas,2014-07-01,77.57008186106296,-76.17008186106295
2014,8,9.9,22.6,7.7,Las Ramadas,2014-08-01,110.1245527797295,-100.22455277972949
2014,9,14,19.2,5.9,Las Ramadas,2014-09-01,120.10028824792681,-106.10028824792681
2014,10,0,25.4,9,Las Ramadas,2014-10-01,167.71678680289136,-167.71678680289136
2014,11,0,25.6,8.8,Las Ramadas,2014-11-01,183.5900536648517,-183.5900536648517
2014,12,0,29,10.9,Las Ramadas,2014-12-01,201.88773584258317,-201.88773584258317
2015,1,0,29.5,12.2,Las Ramadas,2015-01-01,166.98360829167268,-166.98360829167268
2015,2,0,28.7,11.5,Las Ramadas,2015-02-01,155.35358963761783,-155.35358963761783
2015,3,46.1,27.7,12,Las Ramadas,2015-03-01,112.2235930692357,-66.12359306923571
2015,4,0,28.1,11.8,Las Ramadas,2015-04-01,92.39348671719469,-92.39348671719469
2015,5,0,24.3,8.5,Las Ramadas,2015-05-01,68.71599277106773,-68.71599277106773
2015,6,0,24.4,7.8,Las Ramadas,2015-06-01,76.48858564221575,-76.48858564221575
2015,7,55.5,19.3,7.2,Las Ramadas,2015-07-01,74.81877217571802,-19.318772175718024
2015,8,279.6,20.9,7.4,Las Ramadas,2015-08-01,101.64203494399858,177.95796505600146
2015,9,12.4,19.3,7.4,Las Ramadas,2015-09-01,116.59799046359933,-104.19799046359933
2015,10,86.9,20.1,7.4,Las Ramadas,2015-10-01,133.04170105312235,-46.14170105312235
2015,11,0,24.1,8.3,Las Ramadas,2015-11-01,172.9553195630058,-172.9553195630058
2015,12,0,28,11.3,Las Ramadas,2015-12-01,192.38169715908282,-192.38169715908282
2016,2,0,30.5,10.7,Las Ramadas,2016-02-01,177.48641243366293,-177.48641243366293
2016,3,0,29.7,12.2,Las Ramadas,2016-03-01,160.21699811847057,-160.21699811847057
2016,4,39.6,22.3,8.6,Las Ramadas,2016-04-01,92.58087816116914,-52.98087816116914
2016,6,128,20.6,5.7,Las Ramadas,2016-06-01,72.42431330119658,55.57568669880342
2016,7,76.3,20.9,4.6,Las Ramadas,2016-07-01,62.34594219932697,13.954057800673027
2016,8,0,22.5,7.3,Las Ramadas,2016-08-01,70.60125723277741,-70.60125723277741
